2024-01-17 10:36:50,144 - Content Certificate Generation Utility started (Logging to sb_content_cert.log)
2024-01-17 10:36:50,145 - Parsing config file: cert\cfg\ICVSBContent.cfg
2024-01-17 10:36:50,159 - Parsed config items:
cert-keypair:	cert/key/ICVSBContent.pem
cert-keypair-pwd:	cert/key/ICVSBContent.pwd
load-verify-scheme:	0
crypto-type:	0
aes-ce-id:	0
aes-enc-key:	cert/key/KCEICV.txt
images-table:	cert/Images.txt
nvcounter-val:	1
cert-pkg:	cert/ICVSBContent.crt
2024-01-17 10:36:50,160 - **** Creating Content Certificate ****
2024-01-17 10:36:50,209 - **** Certificate file (context) creation has been completed successfully ****
2024-01-17 10:36:52,367 - Content Certificate Generation Utility started (Logging to sb_content_cert.log)
2024-01-17 10:36:52,367 - Parsing config file: cert\cfg\ICVSBContent.cfg
2024-01-17 10:36:52,368 - Parsed config items:
cert-keypair:	cert/key/ICVSBContent.pem
cert-keypair-pwd:	cert/key/ICVSBContent.pwd
load-verify-scheme:	0
crypto-type:	0
aes-ce-id:	0
aes-enc-key:	cert/key/KCEICV.txt
images-table:	cert/Images.txt
nvcounter-val:	1
cert-pkg:	cert/ICVSBContent.crt
2024-01-17 10:36:52,369 - **** Creating Content Certificate ****
2024-01-17 10:36:52,405 - **** Certificate file (context) creation has been completed successfully ****
2024-01-17 10:36:55,571 - Content Certificate Generation Utility started (Logging to sb_content_cert.log)
2024-01-17 10:36:55,571 - Parsing config file: cert\cfg\ICVSBContent.cfg
2024-01-17 10:36:55,573 - Parsed config items:
cert-keypair:	cert/key/ICVSBContent.pem
cert-keypair-pwd:	cert/key/ICVSBContent.pwd
load-verify-scheme:	0
crypto-type:	0
aes-ce-id:	0
aes-enc-key:	cert/key/KCEICV.txt
images-table:	cert/Images.txt
nvcounter-val:	1
cert-pkg:	cert/ICVSBContent.crt
2024-01-17 10:36:55,573 - **** Creating Content Certificate ****
2024-01-17 10:36:55,593 - **** Certificate file (context) creation has been completed successfully ****
2024-01-17 10:36:57,233 - Content Certificate Generation Utility started (Logging to sb_content_cert.log)
2024-01-17 10:36:57,233 - Parsing config file: cert\cfg\ICVSBContent.cfg
2024-01-17 10:36:57,234 - Parsed config items:
cert-keypair:	cert/key/ICVSBContent.pem
cert-keypair-pwd:	cert/key/ICVSBContent.pwd
load-verify-scheme:	0
crypto-type:	0
aes-ce-id:	0
aes-enc-key:	cert/key/KCEICV.txt
images-table:	cert/Images.txt
nvcounter-val:	1
cert-pkg:	cert/ICVSBContent.crt
2024-01-17 10:36:57,234 - **** Creating Content Certificate ****
2024-01-17 10:36:57,249 - **** Certificate file (context) creation has been completed successfully ****
2024-01-17 10:36:58,985 - Content Certificate Generation Utility started (Logging to sb_content_cert.log)
2024-01-17 10:36:58,986 - Parsing config file: cert\cfg\ICVSBContent.cfg
2024-01-17 10:36:58,986 - Parsed config items:
cert-keypair:	cert/key/ICVSBContent.pem
cert-keypair-pwd:	cert/key/ICVSBContent.pwd
load-verify-scheme:	0
crypto-type:	0
aes-ce-id:	0
aes-enc-key:	cert/key/KCEICV.txt
images-table:	cert/Images.txt
nvcounter-val:	1
cert-pkg:	cert/ICVSBContent.crt
2024-01-17 10:36:58,987 - **** Creating Content Certificate ****
2024-01-17 10:36:59,011 - **** Certificate file (context) creation has been completed successfully ****
2024-01-17 10:37:03,123 - Content Certificate Generation Utility started (Logging to sb_content_cert.log)
2024-01-17 10:37:03,124 - Parsing config file: cert\cfg\ICVSBContent.cfg
2024-01-17 10:37:03,125 - Parsed config items:
cert-keypair:	cert/key/ICVSBContent.pem
cert-keypair-pwd:	cert/key/ICVSBContent.pwd
load-verify-scheme:	0
crypto-type:	0
aes-ce-id:	0
aes-enc-key:	cert/key/KCEICV.txt
images-table:	cert/Images.txt
nvcounter-val:	1
cert-pkg:	cert/ICVSBContent.crt
2024-01-17 10:37:03,125 - **** Creating Content Certificate ****
2024-01-17 10:37:03,142 - **** Certificate file (context) creation has been completed successfully ****
2024-01-29 14:11:56,032 - Content Certificate Generation Utility started (Logging to sb_content_cert.log)
2024-01-29 14:11:56,032 - Parsing config file: cert\cfg\ICVSBContent.cfg
2024-01-29 14:11:56,039 - Parsed config items:
cert-keypair:	cert/key/ICVSBContent.pem
cert-keypair-pwd:	cert/key/ICVSBContent.pwd
load-verify-scheme:	0
crypto-type:	0
aes-ce-id:	0
aes-enc-key:	cert/key/KCEICV.txt
images-table:	cert/Images.txt
nvcounter-val:	1
cert-pkg:	cert/ICVSBContent.crt
2024-01-29 14:11:56,040 - **** Creating Content Certificate ****
2024-01-29 14:11:56,055 - **** Certificate file (context) creation has been completed successfully ****
2024-01-29 14:11:57,448 - Content Certificate Generation Utility started (Logging to sb_content_cert.log)
2024-01-29 14:11:57,448 - Parsing config file: cert\cfg\ICVSBContent.cfg
2024-01-29 14:11:57,449 - Parsed config items:
cert-keypair:	cert/key/ICVSBContent.pem
cert-keypair-pwd:	cert/key/ICVSBContent.pwd
load-verify-scheme:	0
crypto-type:	0
aes-ce-id:	0
aes-enc-key:	cert/key/KCEICV.txt
images-table:	cert/Images.txt
nvcounter-val:	1
cert-pkg:	cert/ICVSBContent.crt
2024-01-29 14:11:57,449 - **** Creating Content Certificate ****
2024-01-29 14:11:57,466 - **** Certificate file (context) creation has been completed successfully ****
2024-01-29 14:11:59,214 - Content Certificate Generation Utility started (Logging to sb_content_cert.log)
2024-01-29 14:11:59,214 - Parsing config file: cert\cfg\ICVSBContent.cfg
2024-01-29 14:11:59,215 - Parsed config items:
cert-keypair:	cert/key/ICVSBContent.pem
cert-keypair-pwd:	cert/key/ICVSBContent.pwd
load-verify-scheme:	0
crypto-type:	0
aes-ce-id:	0
aes-enc-key:	cert/key/KCEICV.txt
images-table:	cert/Images.txt
nvcounter-val:	1
cert-pkg:	cert/ICVSBContent.crt
2024-01-29 14:11:59,215 - **** Creating Content Certificate ****
2024-01-29 14:11:59,231 - **** Certificate file (context) creation has been completed successfully ****
2024-01-29 14:12:00,595 - Content Certificate Generation Utility started (Logging to sb_content_cert.log)
2024-01-29 14:12:00,595 - Parsing config file: cert\cfg\ICVSBContent.cfg
2024-01-29 14:12:00,596 - Parsed config items:
cert-keypair:	cert/key/ICVSBContent.pem
cert-keypair-pwd:	cert/key/ICVSBContent.pwd
load-verify-scheme:	0
crypto-type:	0
aes-ce-id:	0
aes-enc-key:	cert/key/KCEICV.txt
images-table:	cert/Images.txt
nvcounter-val:	1
cert-pkg:	cert/ICVSBContent.crt
2024-01-29 14:12:00,596 - **** Creating Content Certificate ****
2024-01-29 14:12:00,611 - **** Certificate file (context) creation has been completed successfully ****
2024-01-29 14:12:01,964 - Content Certificate Generation Utility started (Logging to sb_content_cert.log)
2024-01-29 14:12:01,964 - Parsing config file: cert\cfg\ICVSBContent.cfg
2024-01-29 14:12:01,965 - Parsed config items:
cert-keypair:	cert/key/ICVSBContent.pem
cert-keypair-pwd:	cert/key/ICVSBContent.pwd
load-verify-scheme:	0
crypto-type:	0
aes-ce-id:	0
aes-enc-key:	cert/key/KCEICV.txt
images-table:	cert/Images.txt
nvcounter-val:	1
cert-pkg:	cert/ICVSBContent.crt
2024-01-29 14:12:01,965 - **** Creating Content Certificate ****
2024-01-29 14:12:01,980 - **** Certificate file (context) creation has been completed successfully ****
2024-01-29 14:12:04,112 - Content Certificate Generation Utility started (Logging to sb_content_cert.log)
2024-01-29 14:12:04,113 - Parsing config file: cert\cfg\ICVSBContent.cfg
2024-01-29 14:12:04,113 - Parsed config items:
cert-keypair:	cert/key/ICVSBContent.pem
cert-keypair-pwd:	cert/key/ICVSBContent.pwd
load-verify-scheme:	0
crypto-type:	0
aes-ce-id:	0
aes-enc-key:	cert/key/KCEICV.txt
images-table:	cert/Images.txt
nvcounter-val:	1
cert-pkg:	cert/ICVSBContent.crt
2024-01-29 14:12:04,114 - **** Creating Content Certificate ****
2024-01-29 14:12:04,128 - **** Certificate file (context) creation has been completed successfully ****
2024-01-29 14:26:01,762 - Content Certificate Generation Utility started (Logging to sb_content_cert.log)
2024-01-29 14:26:01,763 - Parsing config file: cert\cfg\ICVSBContent.cfg
2024-01-29 14:26:01,772 - Parsed config items:
cert-keypair:	cert/key/ICVSBContent.pem
cert-keypair-pwd:	cert/key/ICVSBContent.pwd
load-verify-scheme:	0
crypto-type:	0
aes-ce-id:	0
aes-enc-key:	cert/key/KCEICV.txt
images-table:	cert/Images.txt
nvcounter-val:	1
cert-pkg:	cert/ICVSBContent.crt
2024-01-29 14:26:01,773 - **** Creating Content Certificate ****
2024-01-29 14:26:01,816 - **** Certificate file (context) creation has been completed successfully ****
2024-01-29 14:26:03,638 - Content Certificate Generation Utility started (Logging to sb_content_cert.log)
2024-01-29 14:26:03,639 - Parsing config file: cert\cfg\ICVSBContent.cfg
2024-01-29 14:26:03,640 - Parsed config items:
cert-keypair:	cert/key/ICVSBContent.pem
cert-keypair-pwd:	cert/key/ICVSBContent.pwd
load-verify-scheme:	0
crypto-type:	0
aes-ce-id:	0
aes-enc-key:	cert/key/KCEICV.txt
images-table:	cert/Images.txt
nvcounter-val:	1
cert-pkg:	cert/ICVSBContent.crt
2024-01-29 14:26:03,640 - **** Creating Content Certificate ****
2024-01-29 14:26:03,666 - **** Certificate file (context) creation has been completed successfully ****
2024-01-29 14:26:05,877 - Content Certificate Generation Utility started (Logging to sb_content_cert.log)
2024-01-29 14:26:05,878 - Parsing config file: cert\cfg\ICVSBContent.cfg
2024-01-29 14:26:05,879 - Parsed config items:
cert-keypair:	cert/key/ICVSBContent.pem
cert-keypair-pwd:	cert/key/ICVSBContent.pwd
load-verify-scheme:	0
crypto-type:	0
aes-ce-id:	0
aes-enc-key:	cert/key/KCEICV.txt
images-table:	cert/Images.txt
nvcounter-val:	1
cert-pkg:	cert/ICVSBContent.crt
2024-01-29 14:26:05,879 - **** Creating Content Certificate ****
2024-01-29 14:26:05,899 - **** Certificate file (context) creation has been completed successfully ****
2024-01-29 14:26:07,665 - Content Certificate Generation Utility started (Logging to sb_content_cert.log)
2024-01-29 14:26:07,665 - Parsing config file: cert\cfg\ICVSBContent.cfg
2024-01-29 14:26:07,666 - Parsed config items:
cert-keypair:	cert/key/ICVSBContent.pem
cert-keypair-pwd:	cert/key/ICVSBContent.pwd
load-verify-scheme:	0
crypto-type:	0
aes-ce-id:	0
aes-enc-key:	cert/key/KCEICV.txt
images-table:	cert/Images.txt
nvcounter-val:	1
cert-pkg:	cert/ICVSBContent.crt
2024-01-29 14:26:07,667 - **** Creating Content Certificate ****
2024-01-29 14:26:07,689 - **** Certificate file (context) creation has been completed successfully ****
2024-01-29 14:26:09,553 - Content Certificate Generation Utility started (Logging to sb_content_cert.log)
2024-01-29 14:26:09,554 - Parsing config file: cert\cfg\ICVSBContent.cfg
2024-01-29 14:26:09,554 - Parsed config items:
cert-keypair:	cert/key/ICVSBContent.pem
cert-keypair-pwd:	cert/key/ICVSBContent.pwd
load-verify-scheme:	0
crypto-type:	0
aes-ce-id:	0
aes-enc-key:	cert/key/KCEICV.txt
images-table:	cert/Images.txt
nvcounter-val:	1
cert-pkg:	cert/ICVSBContent.crt
2024-01-29 14:26:09,555 - **** Creating Content Certificate ****
2024-01-29 14:26:09,588 - **** Certificate file (context) creation has been completed successfully ****
2024-01-29 14:26:12,586 - Content Certificate Generation Utility started (Logging to sb_content_cert.log)
2024-01-29 14:26:12,587 - Parsing config file: cert\cfg\ICVSBContent.cfg
2024-01-29 14:26:12,588 - Parsed config items:
cert-keypair:	cert/key/ICVSBContent.pem
cert-keypair-pwd:	cert/key/ICVSBContent.pwd
load-verify-scheme:	0
crypto-type:	0
aes-ce-id:	0
aes-enc-key:	cert/key/KCEICV.txt
images-table:	cert/Images.txt
nvcounter-val:	1
cert-pkg:	cert/ICVSBContent.crt
2024-01-29 14:26:12,589 - **** Creating Content Certificate ****
2024-01-29 14:26:12,621 - **** Certificate file (context) creation has been completed successfully ****
2024-01-29 15:23:04,940 - Content Certificate Generation Utility started (Logging to sb_content_cert.log)
2024-01-29 15:23:04,941 - Parsing config file: cert\cfg\ICVSBContent.cfg
2024-01-29 15:23:04,950 - Parsed config items:
cert-keypair:	cert/key/ICVSBContent.pem
cert-keypair-pwd:	cert/key/ICVSBContent.pwd
load-verify-scheme:	0
crypto-type:	0
aes-ce-id:	0
aes-enc-key:	cert/key/KCEICV.txt
images-table:	cert/Images.txt
nvcounter-val:	1
cert-pkg:	cert/ICVSBContent.crt
2024-01-29 15:23:04,950 - **** Creating Content Certificate ****
2024-01-29 15:23:04,984 - **** Certificate file (context) creation has been completed successfully ****
2024-01-29 15:23:06,753 - Content Certificate Generation Utility started (Logging to sb_content_cert.log)
2024-01-29 15:23:06,754 - Parsing config file: cert\cfg\ICVSBContent.cfg
2024-01-29 15:23:06,755 - Parsed config items:
cert-keypair:	cert/key/ICVSBContent.pem
cert-keypair-pwd:	cert/key/ICVSBContent.pwd
load-verify-scheme:	0
crypto-type:	0
aes-ce-id:	0
aes-enc-key:	cert/key/KCEICV.txt
images-table:	cert/Images.txt
nvcounter-val:	1
cert-pkg:	cert/ICVSBContent.crt
2024-01-29 15:23:06,756 - **** Creating Content Certificate ****
2024-01-29 15:23:06,786 - **** Certificate file (context) creation has been completed successfully ****
2024-01-29 15:23:08,871 - Content Certificate Generation Utility started (Logging to sb_content_cert.log)
2024-01-29 15:23:08,871 - Parsing config file: cert\cfg\ICVSBContent.cfg
2024-01-29 15:23:08,872 - Parsed config items:
cert-keypair:	cert/key/ICVSBContent.pem
cert-keypair-pwd:	cert/key/ICVSBContent.pwd
load-verify-scheme:	0
crypto-type:	0
aes-ce-id:	0
aes-enc-key:	cert/key/KCEICV.txt
images-table:	cert/Images.txt
nvcounter-val:	1
cert-pkg:	cert/ICVSBContent.crt
2024-01-29 15:23:08,873 - **** Creating Content Certificate ****
2024-01-29 15:23:08,898 - **** Certificate file (context) creation has been completed successfully ****
2024-01-29 15:23:10,619 - Content Certificate Generation Utility started (Logging to sb_content_cert.log)
2024-01-29 15:23:10,619 - Parsing config file: cert\cfg\ICVSBContent.cfg
2024-01-29 15:23:10,621 - Parsed config items:
cert-keypair:	cert/key/ICVSBContent.pem
cert-keypair-pwd:	cert/key/ICVSBContent.pwd
load-verify-scheme:	0
crypto-type:	0
aes-ce-id:	0
aes-enc-key:	cert/key/KCEICV.txt
images-table:	cert/Images.txt
nvcounter-val:	1
cert-pkg:	cert/ICVSBContent.crt
2024-01-29 15:23:10,623 - **** Creating Content Certificate ****
2024-01-29 15:23:10,642 - **** Certificate file (context) creation has been completed successfully ****
2024-01-29 15:23:12,324 - Content Certificate Generation Utility started (Logging to sb_content_cert.log)
2024-01-29 15:23:12,325 - Parsing config file: cert\cfg\ICVSBContent.cfg
2024-01-29 15:23:12,326 - Parsed config items:
cert-keypair:	cert/key/ICVSBContent.pem
cert-keypair-pwd:	cert/key/ICVSBContent.pwd
load-verify-scheme:	0
crypto-type:	0
aes-ce-id:	0
aes-enc-key:	cert/key/KCEICV.txt
images-table:	cert/Images.txt
nvcounter-val:	1
cert-pkg:	cert/ICVSBContent.crt
2024-01-29 15:23:12,327 - **** Creating Content Certificate ****
2024-01-29 15:23:12,352 - **** Certificate file (context) creation has been completed successfully ****
2024-01-29 15:23:15,368 - Content Certificate Generation Utility started (Logging to sb_content_cert.log)
2024-01-29 15:23:15,368 - Parsing config file: cert\cfg\ICVSBContent.cfg
2024-01-29 15:23:15,369 - Parsed config items:
cert-keypair:	cert/key/ICVSBContent.pem
cert-keypair-pwd:	cert/key/ICVSBContent.pwd
load-verify-scheme:	0
crypto-type:	0
aes-ce-id:	0
aes-enc-key:	cert/key/KCEICV.txt
images-table:	cert/Images.txt
nvcounter-val:	1
cert-pkg:	cert/ICVSBContent.crt
2024-01-29 15:23:15,370 - **** Creating Content Certificate ****
2024-01-29 15:23:15,386 - **** Certificate file (context) creation has been completed successfully ****
2024-01-29 16:03:55,806 - Content Certificate Generation Utility started (Logging to sb_content_cert.log)
2024-01-29 16:03:55,807 - Parsing config file: cert\cfg\ICVSBContent.cfg
2024-01-29 16:03:55,819 - Parsed config items:
cert-keypair:	cert/key/ICVSBContent.pem
cert-keypair-pwd:	cert/key/ICVSBContent.pwd
load-verify-scheme:	0
crypto-type:	0
aes-ce-id:	0
aes-enc-key:	cert/key/KCEICV.txt
images-table:	cert/Images.txt
nvcounter-val:	1
cert-pkg:	cert/ICVSBContent.crt
2024-01-29 16:03:55,819 - **** Creating Content Certificate ****
2024-01-29 16:03:55,877 - **** Certificate file (context) creation has been completed successfully ****
2024-01-29 16:03:57,758 - Content Certificate Generation Utility started (Logging to sb_content_cert.log)
2024-01-29 16:03:57,759 - Parsing config file: cert\cfg\ICVSBContent.cfg
2024-01-29 16:03:57,760 - Parsed config items:
cert-keypair:	cert/key/ICVSBContent.pem
cert-keypair-pwd:	cert/key/ICVSBContent.pwd
load-verify-scheme:	0
crypto-type:	0
aes-ce-id:	0
aes-enc-key:	cert/key/KCEICV.txt
images-table:	cert/Images.txt
nvcounter-val:	1
cert-pkg:	cert/ICVSBContent.crt
2024-01-29 16:03:57,760 - **** Creating Content Certificate ****
2024-01-29 16:03:57,789 - **** Certificate file (context) creation has been completed successfully ****
2024-01-29 16:03:59,976 - Content Certificate Generation Utility started (Logging to sb_content_cert.log)
2024-01-29 16:03:59,977 - Parsing config file: cert\cfg\ICVSBContent.cfg
2024-01-29 16:03:59,978 - Parsed config items:
cert-keypair:	cert/key/ICVSBContent.pem
cert-keypair-pwd:	cert/key/ICVSBContent.pwd
load-verify-scheme:	0
crypto-type:	0
aes-ce-id:	0
aes-enc-key:	cert/key/KCEICV.txt
images-table:	cert/Images.txt
nvcounter-val:	1
cert-pkg:	cert/ICVSBContent.crt
2024-01-29 16:03:59,978 - **** Creating Content Certificate ****
2024-01-29 16:03:59,997 - **** Certificate file (context) creation has been completed successfully ****
2024-01-29 16:04:01,824 - Content Certificate Generation Utility started (Logging to sb_content_cert.log)
2024-01-29 16:04:01,825 - Parsing config file: cert\cfg\ICVSBContent.cfg
2024-01-29 16:04:01,826 - Parsed config items:
cert-keypair:	cert/key/ICVSBContent.pem
cert-keypair-pwd:	cert/key/ICVSBContent.pwd
load-verify-scheme:	0
crypto-type:	0
aes-ce-id:	0
aes-enc-key:	cert/key/KCEICV.txt
images-table:	cert/Images.txt
nvcounter-val:	1
cert-pkg:	cert/ICVSBContent.crt
2024-01-29 16:04:01,826 - **** Creating Content Certificate ****
2024-01-29 16:04:01,845 - **** Certificate file (context) creation has been completed successfully ****
2024-01-29 16:04:03,556 - Content Certificate Generation Utility started (Logging to sb_content_cert.log)
2024-01-29 16:04:03,556 - Parsing config file: cert\cfg\ICVSBContent.cfg
2024-01-29 16:04:03,557 - Parsed config items:
cert-keypair:	cert/key/ICVSBContent.pem
cert-keypair-pwd:	cert/key/ICVSBContent.pwd
load-verify-scheme:	0
crypto-type:	0
aes-ce-id:	0
aes-enc-key:	cert/key/KCEICV.txt
images-table:	cert/Images.txt
nvcounter-val:	1
cert-pkg:	cert/ICVSBContent.crt
2024-01-29 16:04:03,557 - **** Creating Content Certificate ****
2024-01-29 16:04:03,581 - **** Certificate file (context) creation has been completed successfully ****
2024-01-29 16:04:05,743 - Content Certificate Generation Utility started (Logging to sb_content_cert.log)
2024-01-29 16:04:05,743 - Parsing config file: cert\cfg\ICVSBContent.cfg
2024-01-29 16:04:05,744 - Parsed config items:
cert-keypair:	cert/key/ICVSBContent.pem
cert-keypair-pwd:	cert/key/ICVSBContent.pwd
load-verify-scheme:	0
crypto-type:	0
aes-ce-id:	0
aes-enc-key:	cert/key/KCEICV.txt
images-table:	cert/Images.txt
nvcounter-val:	1
cert-pkg:	cert/ICVSBContent.crt
2024-01-29 16:04:05,744 - **** Creating Content Certificate ****
2024-01-29 16:04:05,759 - **** Certificate file (context) creation has been completed successfully ****
2024-01-29 16:07:12,371 - Content Certificate Generation Utility started (Logging to sb_content_cert.log)
2024-01-29 16:07:12,375 - Parsing config file: cert\cfg\ICVSBContent.cfg
2024-01-29 16:07:12,383 - Parsed config items:
cert-keypair:	cert/key/ICVSBContent.pem
cert-keypair-pwd:	cert/key/ICVSBContent.pwd
load-verify-scheme:	0
crypto-type:	0
aes-ce-id:	0
aes-enc-key:	cert/key/KCEICV.txt
images-table:	cert/Images.txt
nvcounter-val:	1
cert-pkg:	cert/ICVSBContent.crt
2024-01-29 16:07:12,384 - **** Creating Content Certificate ****
2024-01-29 16:07:12,419 - **** Certificate file (context) creation has been completed successfully ****
2024-01-29 16:07:14,453 - Content Certificate Generation Utility started (Logging to sb_content_cert.log)
2024-01-29 16:07:14,453 - Parsing config file: cert\cfg\ICVSBContent.cfg
2024-01-29 16:07:14,455 - Parsed config items:
cert-keypair:	cert/key/ICVSBContent.pem
cert-keypair-pwd:	cert/key/ICVSBContent.pwd
load-verify-scheme:	0
crypto-type:	0
aes-ce-id:	0
aes-enc-key:	cert/key/KCEICV.txt
images-table:	cert/Images.txt
nvcounter-val:	1
cert-pkg:	cert/ICVSBContent.crt
2024-01-29 16:07:14,456 - **** Creating Content Certificate ****
2024-01-29 16:07:14,498 - **** Certificate file (context) creation has been completed successfully ****
2024-01-29 16:07:16,742 - Content Certificate Generation Utility started (Logging to sb_content_cert.log)
2024-01-29 16:07:16,742 - Parsing config file: cert\cfg\ICVSBContent.cfg
2024-01-29 16:07:16,743 - Parsed config items:
cert-keypair:	cert/key/ICVSBContent.pem
cert-keypair-pwd:	cert/key/ICVSBContent.pwd
load-verify-scheme:	0
crypto-type:	0
aes-ce-id:	0
aes-enc-key:	cert/key/KCEICV.txt
images-table:	cert/Images.txt
nvcounter-val:	1
cert-pkg:	cert/ICVSBContent.crt
2024-01-29 16:07:16,743 - **** Creating Content Certificate ****
2024-01-29 16:07:16,763 - **** Certificate file (context) creation has been completed successfully ****
2024-01-29 16:07:18,529 - Content Certificate Generation Utility started (Logging to sb_content_cert.log)
2024-01-29 16:07:18,530 - Parsing config file: cert\cfg\ICVSBContent.cfg
2024-01-29 16:07:18,531 - Parsed config items:
cert-keypair:	cert/key/ICVSBContent.pem
cert-keypair-pwd:	cert/key/ICVSBContent.pwd
load-verify-scheme:	0
crypto-type:	0
aes-ce-id:	0
aes-enc-key:	cert/key/KCEICV.txt
images-table:	cert/Images.txt
nvcounter-val:	1
cert-pkg:	cert/ICVSBContent.crt
2024-01-29 16:07:18,531 - **** Creating Content Certificate ****
2024-01-29 16:07:18,551 - **** Certificate file (context) creation has been completed successfully ****
2024-01-29 16:07:20,448 - Content Certificate Generation Utility started (Logging to sb_content_cert.log)
2024-01-29 16:07:20,448 - Parsing config file: cert\cfg\ICVSBContent.cfg
2024-01-29 16:07:20,449 - Parsed config items:
cert-keypair:	cert/key/ICVSBContent.pem
cert-keypair-pwd:	cert/key/ICVSBContent.pwd
load-verify-scheme:	0
crypto-type:	0
aes-ce-id:	0
aes-enc-key:	cert/key/KCEICV.txt
images-table:	cert/Images.txt
nvcounter-val:	1
cert-pkg:	cert/ICVSBContent.crt
2024-01-29 16:07:20,449 - **** Creating Content Certificate ****
2024-01-29 16:07:20,468 - **** Certificate file (context) creation has been completed successfully ****
2024-01-29 16:07:23,744 - Content Certificate Generation Utility started (Logging to sb_content_cert.log)
2024-01-29 16:07:23,745 - Parsing config file: cert\cfg\ICVSBContent.cfg
2024-01-29 16:07:23,745 - Parsed config items:
cert-keypair:	cert/key/ICVSBContent.pem
cert-keypair-pwd:	cert/key/ICVSBContent.pwd
load-verify-scheme:	0
crypto-type:	0
aes-ce-id:	0
aes-enc-key:	cert/key/KCEICV.txt
images-table:	cert/Images.txt
nvcounter-val:	1
cert-pkg:	cert/ICVSBContent.crt
2024-01-29 16:07:23,746 - **** Creating Content Certificate ****
2024-01-29 16:07:23,768 - **** Certificate file (context) creation has been completed successfully ****
2024-01-29 16:59:09,454 - Content Certificate Generation Utility started (Logging to sb_content_cert.log)
2024-01-29 16:59:09,455 - Parsing config file: cert\cfg\ICVSBContent.cfg
2024-01-29 16:59:09,464 - Parsed config items:
cert-keypair:	cert/key/ICVSBContent.pem
cert-keypair-pwd:	cert/key/ICVSBContent.pwd
load-verify-scheme:	0
crypto-type:	0
aes-ce-id:	0
aes-enc-key:	cert/key/KCEICV.txt
images-table:	cert/Images.txt
nvcounter-val:	1
cert-pkg:	cert/ICVSBContent.crt
2024-01-29 16:59:09,466 - **** Creating Content Certificate ****
2024-01-29 16:59:09,504 - **** Certificate file (context) creation has been completed successfully ****
2024-01-29 16:59:11,568 - Content Certificate Generation Utility started (Logging to sb_content_cert.log)
2024-01-29 16:59:11,568 - Parsing config file: cert\cfg\ICVSBContent.cfg
2024-01-29 16:59:11,569 - Parsed config items:
cert-keypair:	cert/key/ICVSBContent.pem
cert-keypair-pwd:	cert/key/ICVSBContent.pwd
load-verify-scheme:	0
crypto-type:	0
aes-ce-id:	0
aes-enc-key:	cert/key/KCEICV.txt
images-table:	cert/Images.txt
nvcounter-val:	1
cert-pkg:	cert/ICVSBContent.crt
2024-01-29 16:59:11,569 - **** Creating Content Certificate ****
2024-01-29 16:59:11,613 - **** Certificate file (context) creation has been completed successfully ****
2024-01-29 16:59:14,569 - Content Certificate Generation Utility started (Logging to sb_content_cert.log)
2024-01-29 16:59:14,570 - Parsing config file: cert\cfg\ICVSBContent.cfg
2024-01-29 16:59:14,579 - Parsed config items:
cert-keypair:	cert/key/ICVSBContent.pem
cert-keypair-pwd:	cert/key/ICVSBContent.pwd
load-verify-scheme:	0
crypto-type:	0
aes-ce-id:	0
aes-enc-key:	cert/key/KCEICV.txt
images-table:	cert/Images.txt
nvcounter-val:	1
cert-pkg:	cert/ICVSBContent.crt
2024-01-29 16:59:14,579 - **** Creating Content Certificate ****
2024-01-29 16:59:14,605 - **** Certificate file (context) creation has been completed successfully ****
2024-01-29 16:59:17,166 - Content Certificate Generation Utility started (Logging to sb_content_cert.log)
2024-01-29 16:59:17,167 - Parsing config file: cert\cfg\ICVSBContent.cfg
2024-01-29 16:59:17,168 - Parsed config items:
cert-keypair:	cert/key/ICVSBContent.pem
cert-keypair-pwd:	cert/key/ICVSBContent.pwd
load-verify-scheme:	0
crypto-type:	0
aes-ce-id:	0
aes-enc-key:	cert/key/KCEICV.txt
images-table:	cert/Images.txt
nvcounter-val:	1
cert-pkg:	cert/ICVSBContent.crt
2024-01-29 16:59:17,168 - **** Creating Content Certificate ****
2024-01-29 16:59:17,195 - **** Certificate file (context) creation has been completed successfully ****
2024-01-29 16:59:19,400 - Content Certificate Generation Utility started (Logging to sb_content_cert.log)
2024-01-29 16:59:19,400 - Parsing config file: cert\cfg\ICVSBContent.cfg
2024-01-29 16:59:19,401 - Parsed config items:
cert-keypair:	cert/key/ICVSBContent.pem
cert-keypair-pwd:	cert/key/ICVSBContent.pwd
load-verify-scheme:	0
crypto-type:	0
aes-ce-id:	0
aes-enc-key:	cert/key/KCEICV.txt
images-table:	cert/Images.txt
nvcounter-val:	1
cert-pkg:	cert/ICVSBContent.crt
2024-01-29 16:59:19,402 - **** Creating Content Certificate ****
2024-01-29 16:59:19,431 - **** Certificate file (context) creation has been completed successfully ****
2024-01-29 16:59:25,346 - Content Certificate Generation Utility started (Logging to sb_content_cert.log)
2024-01-29 16:59:25,347 - Parsing config file: cert\cfg\ICVSBContent.cfg
2024-01-29 16:59:25,347 - Parsed config items:
cert-keypair:	cert/key/ICVSBContent.pem
cert-keypair-pwd:	cert/key/ICVSBContent.pwd
load-verify-scheme:	0
crypto-type:	0
aes-ce-id:	0
aes-enc-key:	cert/key/KCEICV.txt
images-table:	cert/Images.txt
nvcounter-val:	1
cert-pkg:	cert/ICVSBContent.crt
2024-01-29 16:59:25,348 - **** Creating Content Certificate ****
2024-01-29 16:59:25,367 - **** Certificate file (context) creation has been completed successfully ****
2024-01-29 17:11:40,652 - Content Certificate Generation Utility started (Logging to sb_content_cert.log)
2024-01-29 17:11:40,652 - Parsing config file: cert\cfg\ICVSBContent.cfg
2024-01-29 17:11:40,660 - Parsed config items:
cert-keypair:	cert/key/ICVSBContent.pem
cert-keypair-pwd:	cert/key/ICVSBContent.pwd
load-verify-scheme:	0
crypto-type:	0
aes-ce-id:	0
aes-enc-key:	cert/key/KCEICV.txt
images-table:	cert/Images.txt
nvcounter-val:	1
cert-pkg:	cert/ICVSBContent.crt
2024-01-29 17:11:40,660 - **** Creating Content Certificate ****
2024-01-29 17:11:40,699 - **** Certificate file (context) creation has been completed successfully ****
2024-01-29 17:11:42,428 - Content Certificate Generation Utility started (Logging to sb_content_cert.log)
2024-01-29 17:11:42,429 - Parsing config file: cert\cfg\ICVSBContent.cfg
2024-01-29 17:11:42,429 - Parsed config items:
cert-keypair:	cert/key/ICVSBContent.pem
cert-keypair-pwd:	cert/key/ICVSBContent.pwd
load-verify-scheme:	0
crypto-type:	0
aes-ce-id:	0
aes-enc-key:	cert/key/KCEICV.txt
images-table:	cert/Images.txt
nvcounter-val:	1
cert-pkg:	cert/ICVSBContent.crt
2024-01-29 17:11:42,430 - **** Creating Content Certificate ****
2024-01-29 17:11:42,457 - **** Certificate file (context) creation has been completed successfully ****
2024-01-29 17:11:44,604 - Content Certificate Generation Utility started (Logging to sb_content_cert.log)
2024-01-29 17:11:44,605 - Parsing config file: cert\cfg\ICVSBContent.cfg
2024-01-29 17:11:44,605 - Parsed config items:
cert-keypair:	cert/key/ICVSBContent.pem
cert-keypair-pwd:	cert/key/ICVSBContent.pwd
load-verify-scheme:	0
crypto-type:	0
aes-ce-id:	0
aes-enc-key:	cert/key/KCEICV.txt
images-table:	cert/Images.txt
nvcounter-val:	1
cert-pkg:	cert/ICVSBContent.crt
2024-01-29 17:11:44,606 - **** Creating Content Certificate ****
2024-01-29 17:11:44,632 - **** Certificate file (context) creation has been completed successfully ****
2024-01-29 17:11:46,354 - Content Certificate Generation Utility started (Logging to sb_content_cert.log)
2024-01-29 17:11:46,354 - Parsing config file: cert\cfg\ICVSBContent.cfg
2024-01-29 17:11:46,355 - Parsed config items:
cert-keypair:	cert/key/ICVSBContent.pem
cert-keypair-pwd:	cert/key/ICVSBContent.pwd
load-verify-scheme:	0
crypto-type:	0
aes-ce-id:	0
aes-enc-key:	cert/key/KCEICV.txt
images-table:	cert/Images.txt
nvcounter-val:	1
cert-pkg:	cert/ICVSBContent.crt
2024-01-29 17:11:46,355 - **** Creating Content Certificate ****
2024-01-29 17:11:46,382 - **** Certificate file (context) creation has been completed successfully ****
2024-01-29 17:11:48,194 - Content Certificate Generation Utility started (Logging to sb_content_cert.log)
2024-01-29 17:11:48,195 - Parsing config file: cert\cfg\ICVSBContent.cfg
2024-01-29 17:11:48,196 - Parsed config items:
cert-keypair:	cert/key/ICVSBContent.pem
cert-keypair-pwd:	cert/key/ICVSBContent.pwd
load-verify-scheme:	0
crypto-type:	0
aes-ce-id:	0
aes-enc-key:	cert/key/KCEICV.txt
images-table:	cert/Images.txt
nvcounter-val:	1
cert-pkg:	cert/ICVSBContent.crt
2024-01-29 17:11:48,196 - **** Creating Content Certificate ****
2024-01-29 17:11:48,222 - **** Certificate file (context) creation has been completed successfully ****
2024-01-29 17:11:52,999 - Content Certificate Generation Utility started (Logging to sb_content_cert.log)
2024-01-29 17:11:52,999 - Parsing config file: cert\cfg\ICVSBContent.cfg
2024-01-29 17:11:53,000 - Parsed config items:
cert-keypair:	cert/key/ICVSBContent.pem
cert-keypair-pwd:	cert/key/ICVSBContent.pwd
load-verify-scheme:	0
crypto-type:	0
aes-ce-id:	0
aes-enc-key:	cert/key/KCEICV.txt
images-table:	cert/Images.txt
nvcounter-val:	1
cert-pkg:	cert/ICVSBContent.crt
2024-01-29 17:11:53,000 - **** Creating Content Certificate ****
2024-01-29 17:11:53,020 - **** Certificate file (context) creation has been completed successfully ****
2024-01-29 17:42:30,064 - Content Certificate Generation Utility started (Logging to sb_content_cert.log)
2024-01-29 17:42:30,068 - Parsing config file: cert\cfg\ICVSBContent.cfg
2024-01-29 17:42:30,079 - Parsed config items:
cert-keypair:	cert/key/ICVSBContent.pem
cert-keypair-pwd:	cert/key/ICVSBContent.pwd
load-verify-scheme:	0
crypto-type:	0
aes-ce-id:	0
aes-enc-key:	cert/key/KCEICV.txt
images-table:	cert/Images.txt
nvcounter-val:	1
cert-pkg:	cert/ICVSBContent.crt
2024-01-29 17:42:30,081 - **** Creating Content Certificate ****
2024-01-29 17:42:30,113 - **** Certificate file (context) creation has been completed successfully ****
2024-01-29 17:42:31,826 - Content Certificate Generation Utility started (Logging to sb_content_cert.log)
2024-01-29 17:42:31,826 - Parsing config file: cert\cfg\ICVSBContent.cfg
2024-01-29 17:42:31,827 - Parsed config items:
cert-keypair:	cert/key/ICVSBContent.pem
cert-keypair-pwd:	cert/key/ICVSBContent.pwd
load-verify-scheme:	0
crypto-type:	0
aes-ce-id:	0
aes-enc-key:	cert/key/KCEICV.txt
images-table:	cert/Images.txt
nvcounter-val:	1
cert-pkg:	cert/ICVSBContent.crt
2024-01-29 17:42:31,827 - **** Creating Content Certificate ****
2024-01-29 17:42:31,851 - **** Certificate file (context) creation has been completed successfully ****
2024-01-29 17:42:33,760 - Content Certificate Generation Utility started (Logging to sb_content_cert.log)
2024-01-29 17:42:33,760 - Parsing config file: cert\cfg\ICVSBContent.cfg
2024-01-29 17:42:33,761 - Parsed config items:
cert-keypair:	cert/key/ICVSBContent.pem
cert-keypair-pwd:	cert/key/ICVSBContent.pwd
load-verify-scheme:	0
crypto-type:	0
aes-ce-id:	0
aes-enc-key:	cert/key/KCEICV.txt
images-table:	cert/Images.txt
nvcounter-val:	1
cert-pkg:	cert/ICVSBContent.crt
2024-01-29 17:42:33,761 - **** Creating Content Certificate ****
2024-01-29 17:42:33,779 - **** Certificate file (context) creation has been completed successfully ****
2024-01-29 17:42:35,313 - Content Certificate Generation Utility started (Logging to sb_content_cert.log)
2024-01-29 17:42:35,314 - Parsing config file: cert\cfg\ICVSBContent.cfg
2024-01-29 17:42:35,314 - Parsed config items:
cert-keypair:	cert/key/ICVSBContent.pem
cert-keypair-pwd:	cert/key/ICVSBContent.pwd
load-verify-scheme:	0
crypto-type:	0
aes-ce-id:	0
aes-enc-key:	cert/key/KCEICV.txt
images-table:	cert/Images.txt
nvcounter-val:	1
cert-pkg:	cert/ICVSBContent.crt
2024-01-29 17:42:35,315 - **** Creating Content Certificate ****
2024-01-29 17:42:35,335 - **** Certificate file (context) creation has been completed successfully ****
2024-01-29 17:42:36,973 - Content Certificate Generation Utility started (Logging to sb_content_cert.log)
2024-01-29 17:42:36,974 - Parsing config file: cert\cfg\ICVSBContent.cfg
2024-01-29 17:42:36,974 - Parsed config items:
cert-keypair:	cert/key/ICVSBContent.pem
cert-keypair-pwd:	cert/key/ICVSBContent.pwd
load-verify-scheme:	0
crypto-type:	0
aes-ce-id:	0
aes-enc-key:	cert/key/KCEICV.txt
images-table:	cert/Images.txt
nvcounter-val:	1
cert-pkg:	cert/ICVSBContent.crt
2024-01-29 17:42:36,975 - **** Creating Content Certificate ****
2024-01-29 17:42:36,998 - **** Certificate file (context) creation has been completed successfully ****
2024-01-29 17:42:41,047 - Content Certificate Generation Utility started (Logging to sb_content_cert.log)
2024-01-29 17:42:41,048 - Parsing config file: cert\cfg\ICVSBContent.cfg
2024-01-29 17:42:41,048 - Parsed config items:
cert-keypair:	cert/key/ICVSBContent.pem
cert-keypair-pwd:	cert/key/ICVSBContent.pwd
load-verify-scheme:	0
crypto-type:	0
aes-ce-id:	0
aes-enc-key:	cert/key/KCEICV.txt
images-table:	cert/Images.txt
nvcounter-val:	1
cert-pkg:	cert/ICVSBContent.crt
2024-01-29 17:42:41,049 - **** Creating Content Certificate ****
2024-01-29 17:42:41,067 - **** Certificate file (context) creation has been completed successfully ****
2024-01-29 17:48:18,673 - Content Certificate Generation Utility started (Logging to sb_content_cert.log)
2024-01-29 17:48:18,673 - Parsing config file: cert\cfg\ICVSBContent.cfg
2024-01-29 17:48:18,674 - Parsed config items:
cert-keypair:	cert/key/ICVSBContent.pem
cert-keypair-pwd:	cert/key/ICVSBContent.pwd
load-verify-scheme:	0
crypto-type:	0
aes-ce-id:	0
aes-enc-key:	cert/key/KCEICV.txt
images-table:	cert/Images.txt
nvcounter-val:	1
cert-pkg:	cert/ICVSBContent.crt
2024-01-29 17:48:18,675 - **** Creating Content Certificate ****
2024-01-29 17:48:18,701 - **** Certificate file (context) creation has been completed successfully ****
2024-01-29 17:48:20,989 - Content Certificate Generation Utility started (Logging to sb_content_cert.log)
2024-01-29 17:48:20,990 - Parsing config file: cert\cfg\ICVSBContent.cfg
2024-01-29 17:48:20,990 - Parsed config items:
cert-keypair:	cert/key/ICVSBContent.pem
cert-keypair-pwd:	cert/key/ICVSBContent.pwd
load-verify-scheme:	0
crypto-type:	0
aes-ce-id:	0
aes-enc-key:	cert/key/KCEICV.txt
images-table:	cert/Images.txt
nvcounter-val:	1
cert-pkg:	cert/ICVSBContent.crt
2024-01-29 17:48:20,991 - **** Creating Content Certificate ****
2024-01-29 17:48:21,014 - **** Certificate file (context) creation has been completed successfully ****
2024-01-29 17:48:23,968 - Content Certificate Generation Utility started (Logging to sb_content_cert.log)
2024-01-29 17:48:23,968 - Parsing config file: cert\cfg\ICVSBContent.cfg
2024-01-29 17:48:23,969 - Parsed config items:
cert-keypair:	cert/key/ICVSBContent.pem
cert-keypair-pwd:	cert/key/ICVSBContent.pwd
load-verify-scheme:	0
crypto-type:	0
aes-ce-id:	0
aes-enc-key:	cert/key/KCEICV.txt
images-table:	cert/Images.txt
nvcounter-val:	1
cert-pkg:	cert/ICVSBContent.crt
2024-01-29 17:48:23,970 - **** Creating Content Certificate ****
2024-01-29 17:48:23,994 - **** Certificate file (context) creation has been completed successfully ****
2024-01-29 17:48:25,972 - Content Certificate Generation Utility started (Logging to sb_content_cert.log)
2024-01-29 17:48:25,973 - Parsing config file: cert\cfg\ICVSBContent.cfg
2024-01-29 17:48:25,980 - Parsed config items:
cert-keypair:	cert/key/ICVSBContent.pem
cert-keypair-pwd:	cert/key/ICVSBContent.pwd
load-verify-scheme:	0
crypto-type:	0
aes-ce-id:	0
aes-enc-key:	cert/key/KCEICV.txt
images-table:	cert/Images.txt
nvcounter-val:	1
cert-pkg:	cert/ICVSBContent.crt
2024-01-29 17:48:25,980 - **** Creating Content Certificate ****
2024-01-29 17:48:26,010 - **** Certificate file (context) creation has been completed successfully ****
2024-01-29 17:48:28,039 - Content Certificate Generation Utility started (Logging to sb_content_cert.log)
2024-01-29 17:48:28,039 - Parsing config file: cert\cfg\ICVSBContent.cfg
2024-01-29 17:48:28,040 - Parsed config items:
cert-keypair:	cert/key/ICVSBContent.pem
cert-keypair-pwd:	cert/key/ICVSBContent.pwd
load-verify-scheme:	0
crypto-type:	0
aes-ce-id:	0
aes-enc-key:	cert/key/KCEICV.txt
images-table:	cert/Images.txt
nvcounter-val:	1
cert-pkg:	cert/ICVSBContent.crt
2024-01-29 17:48:28,041 - **** Creating Content Certificate ****
2024-01-29 17:48:28,061 - **** Certificate file (context) creation has been completed successfully ****
2024-01-29 17:48:33,158 - Content Certificate Generation Utility started (Logging to sb_content_cert.log)
2024-01-29 17:48:33,158 - Parsing config file: cert\cfg\ICVSBContent.cfg
2024-01-29 17:48:33,159 - Parsed config items:
cert-keypair:	cert/key/ICVSBContent.pem
cert-keypair-pwd:	cert/key/ICVSBContent.pwd
load-verify-scheme:	0
crypto-type:	0
aes-ce-id:	0
aes-enc-key:	cert/key/KCEICV.txt
images-table:	cert/Images.txt
nvcounter-val:	1
cert-pkg:	cert/ICVSBContent.crt
2024-01-29 17:48:33,159 - **** Creating Content Certificate ****
2024-01-29 17:48:33,180 - **** Certificate file (context) creation has been completed successfully ****
2024-01-29 18:03:51,971 - Content Certificate Generation Utility started (Logging to sb_content_cert.log)
2024-01-29 18:03:51,972 - Parsing config file: cert\cfg\ICVSBContent.cfg
2024-01-29 18:03:51,982 - Parsed config items:
cert-keypair:	cert/key/ICVSBContent.pem
cert-keypair-pwd:	cert/key/ICVSBContent.pwd
load-verify-scheme:	0
crypto-type:	0
aes-ce-id:	0
aes-enc-key:	cert/key/KCEICV.txt
images-table:	cert/Images.txt
nvcounter-val:	1
cert-pkg:	cert/ICVSBContent.crt
2024-01-29 18:03:51,983 - **** Creating Content Certificate ****
2024-01-29 18:03:52,018 - **** Certificate file (context) creation has been completed successfully ****
2024-01-29 18:03:53,850 - Content Certificate Generation Utility started (Logging to sb_content_cert.log)
2024-01-29 18:03:53,850 - Parsing config file: cert\cfg\ICVSBContent.cfg
2024-01-29 18:03:53,851 - Parsed config items:
cert-keypair:	cert/key/ICVSBContent.pem
cert-keypair-pwd:	cert/key/ICVSBContent.pwd
load-verify-scheme:	0
crypto-type:	0
aes-ce-id:	0
aes-enc-key:	cert/key/KCEICV.txt
images-table:	cert/Images.txt
nvcounter-val:	1
cert-pkg:	cert/ICVSBContent.crt
2024-01-29 18:03:53,851 - **** Creating Content Certificate ****
2024-01-29 18:03:53,879 - **** Certificate file (context) creation has been completed successfully ****
2024-01-29 18:03:56,166 - Content Certificate Generation Utility started (Logging to sb_content_cert.log)
2024-01-29 18:03:56,167 - Parsing config file: cert\cfg\ICVSBContent.cfg
2024-01-29 18:03:56,167 - Parsed config items:
cert-keypair:	cert/key/ICVSBContent.pem
cert-keypair-pwd:	cert/key/ICVSBContent.pwd
load-verify-scheme:	0
crypto-type:	0
aes-ce-id:	0
aes-enc-key:	cert/key/KCEICV.txt
images-table:	cert/Images.txt
nvcounter-val:	1
cert-pkg:	cert/ICVSBContent.crt
2024-01-29 18:03:56,168 - **** Creating Content Certificate ****
2024-01-29 18:03:56,189 - **** Certificate file (context) creation has been completed successfully ****
2024-01-29 18:03:57,934 - Content Certificate Generation Utility started (Logging to sb_content_cert.log)
2024-01-29 18:03:57,935 - Parsing config file: cert\cfg\ICVSBContent.cfg
2024-01-29 18:03:57,935 - Parsed config items:
cert-keypair:	cert/key/ICVSBContent.pem
cert-keypair-pwd:	cert/key/ICVSBContent.pwd
load-verify-scheme:	0
crypto-type:	0
aes-ce-id:	0
aes-enc-key:	cert/key/KCEICV.txt
images-table:	cert/Images.txt
nvcounter-val:	1
cert-pkg:	cert/ICVSBContent.crt
2024-01-29 18:03:57,936 - **** Creating Content Certificate ****
2024-01-29 18:03:57,955 - **** Certificate file (context) creation has been completed successfully ****
2024-01-29 18:03:59,605 - Content Certificate Generation Utility started (Logging to sb_content_cert.log)
2024-01-29 18:03:59,606 - Parsing config file: cert\cfg\ICVSBContent.cfg
2024-01-29 18:03:59,606 - Parsed config items:
cert-keypair:	cert/key/ICVSBContent.pem
cert-keypair-pwd:	cert/key/ICVSBContent.pwd
load-verify-scheme:	0
crypto-type:	0
aes-ce-id:	0
aes-enc-key:	cert/key/KCEICV.txt
images-table:	cert/Images.txt
nvcounter-val:	1
cert-pkg:	cert/ICVSBContent.crt
2024-01-29 18:03:59,607 - **** Creating Content Certificate ****
2024-01-29 18:03:59,630 - **** Certificate file (context) creation has been completed successfully ****
2024-01-29 18:04:04,145 - Content Certificate Generation Utility started (Logging to sb_content_cert.log)
2024-01-29 18:04:04,146 - Parsing config file: cert\cfg\ICVSBContent.cfg
2024-01-29 18:04:04,146 - Parsed config items:
cert-keypair:	cert/key/ICVSBContent.pem
cert-keypair-pwd:	cert/key/ICVSBContent.pwd
load-verify-scheme:	0
crypto-type:	0
aes-ce-id:	0
aes-enc-key:	cert/key/KCEICV.txt
images-table:	cert/Images.txt
nvcounter-val:	1
cert-pkg:	cert/ICVSBContent.crt
2024-01-29 18:04:04,147 - **** Creating Content Certificate ****
2024-01-29 18:04:04,166 - **** Certificate file (context) creation has been completed successfully ****
2024-01-30 10:44:30,994 - Content Certificate Generation Utility started (Logging to sb_content_cert.log)
2024-01-30 10:44:30,995 - Parsing config file: cert\cfg\ICVSBContent.cfg
2024-01-30 10:44:31,002 - Parsed config items:
cert-keypair:	cert/key/ICVSBContent.pem
cert-keypair-pwd:	cert/key/ICVSBContent.pwd
load-verify-scheme:	0
crypto-type:	0
aes-ce-id:	0
aes-enc-key:	cert/key/KCEICV.txt
images-table:	cert/Images.txt
nvcounter-val:	1
cert-pkg:	cert/ICVSBContent.crt
2024-01-30 10:44:31,002 - **** Creating Content Certificate ****
2024-01-30 10:44:31,033 - **** Certificate file (context) creation has been completed successfully ****
2024-01-30 10:44:32,512 - Content Certificate Generation Utility started (Logging to sb_content_cert.log)
2024-01-30 10:44:32,513 - Parsing config file: cert\cfg\ICVSBContent.cfg
2024-01-30 10:44:32,514 - Parsed config items:
cert-keypair:	cert/key/ICVSBContent.pem
cert-keypair-pwd:	cert/key/ICVSBContent.pwd
load-verify-scheme:	0
crypto-type:	0
aes-ce-id:	0
aes-enc-key:	cert/key/KCEICV.txt
images-table:	cert/Images.txt
nvcounter-val:	1
cert-pkg:	cert/ICVSBContent.crt
2024-01-30 10:44:32,514 - **** Creating Content Certificate ****
2024-01-30 10:44:32,556 - **** Certificate file (context) creation has been completed successfully ****
2024-01-30 10:44:34,357 - Content Certificate Generation Utility started (Logging to sb_content_cert.log)
2024-01-30 10:44:34,357 - Parsing config file: cert\cfg\ICVSBContent.cfg
2024-01-30 10:44:34,358 - Parsed config items:
cert-keypair:	cert/key/ICVSBContent.pem
cert-keypair-pwd:	cert/key/ICVSBContent.pwd
load-verify-scheme:	0
crypto-type:	0
aes-ce-id:	0
aes-enc-key:	cert/key/KCEICV.txt
images-table:	cert/Images.txt
nvcounter-val:	1
cert-pkg:	cert/ICVSBContent.crt
2024-01-30 10:44:34,358 - **** Creating Content Certificate ****
2024-01-30 10:44:34,374 - **** Certificate file (context) creation has been completed successfully ****
2024-01-30 10:44:35,706 - Content Certificate Generation Utility started (Logging to sb_content_cert.log)
2024-01-30 10:44:35,707 - Parsing config file: cert\cfg\ICVSBContent.cfg
2024-01-30 10:44:35,707 - Parsed config items:
cert-keypair:	cert/key/ICVSBContent.pem
cert-keypair-pwd:	cert/key/ICVSBContent.pwd
load-verify-scheme:	0
crypto-type:	0
aes-ce-id:	0
aes-enc-key:	cert/key/KCEICV.txt
images-table:	cert/Images.txt
nvcounter-val:	1
cert-pkg:	cert/ICVSBContent.crt
2024-01-30 10:44:35,708 - **** Creating Content Certificate ****
2024-01-30 10:44:35,723 - **** Certificate file (context) creation has been completed successfully ****
2024-01-30 10:44:37,066 - Content Certificate Generation Utility started (Logging to sb_content_cert.log)
2024-01-30 10:44:37,066 - Parsing config file: cert\cfg\ICVSBContent.cfg
2024-01-30 10:44:37,067 - Parsed config items:
cert-keypair:	cert/key/ICVSBContent.pem
cert-keypair-pwd:	cert/key/ICVSBContent.pwd
load-verify-scheme:	0
crypto-type:	0
aes-ce-id:	0
aes-enc-key:	cert/key/KCEICV.txt
images-table:	cert/Images.txt
nvcounter-val:	1
cert-pkg:	cert/ICVSBContent.crt
2024-01-30 10:44:37,067 - **** Creating Content Certificate ****
2024-01-30 10:44:37,095 - **** Certificate file (context) creation has been completed successfully ****
2024-01-30 10:44:40,794 - Content Certificate Generation Utility started (Logging to sb_content_cert.log)
2024-01-30 10:44:40,794 - Parsing config file: cert\cfg\ICVSBContent.cfg
2024-01-30 10:44:40,795 - Parsed config items:
cert-keypair:	cert/key/ICVSBContent.pem
cert-keypair-pwd:	cert/key/ICVSBContent.pwd
load-verify-scheme:	0
crypto-type:	0
aes-ce-id:	0
aes-enc-key:	cert/key/KCEICV.txt
images-table:	cert/Images.txt
nvcounter-val:	1
cert-pkg:	cert/ICVSBContent.crt
2024-01-30 10:44:40,795 - **** Creating Content Certificate ****
2024-01-30 10:44:40,810 - **** Certificate file (context) creation has been completed successfully ****
2024-01-30 10:58:54,325 - Content Certificate Generation Utility started (Logging to sb_content_cert.log)
2024-01-30 10:58:54,326 - Parsing config file: cert\cfg\ICVSBContent.cfg
2024-01-30 10:58:54,335 - Parsed config items:
cert-keypair:	cert/key/ICVSBContent.pem
cert-keypair-pwd:	cert/key/ICVSBContent.pwd
load-verify-scheme:	0
crypto-type:	0
aes-ce-id:	0
aes-enc-key:	cert/key/KCEICV.txt
images-table:	cert/Images.txt
nvcounter-val:	1
cert-pkg:	cert/ICVSBContent.crt
2024-01-30 10:58:54,335 - **** Creating Content Certificate ****
2024-01-30 10:58:54,377 - **** Certificate file (context) creation has been completed successfully ****
2024-01-30 10:58:56,327 - Content Certificate Generation Utility started (Logging to sb_content_cert.log)
2024-01-30 10:58:56,328 - Parsing config file: cert\cfg\ICVSBContent.cfg
2024-01-30 10:58:56,329 - Parsed config items:
cert-keypair:	cert/key/ICVSBContent.pem
cert-keypair-pwd:	cert/key/ICVSBContent.pwd
load-verify-scheme:	0
crypto-type:	0
aes-ce-id:	0
aes-enc-key:	cert/key/KCEICV.txt
images-table:	cert/Images.txt
nvcounter-val:	1
cert-pkg:	cert/ICVSBContent.crt
2024-01-30 10:58:56,329 - **** Creating Content Certificate ****
2024-01-30 10:58:56,361 - **** Certificate file (context) creation has been completed successfully ****
2024-01-30 10:58:58,778 - Content Certificate Generation Utility started (Logging to sb_content_cert.log)
2024-01-30 10:58:58,779 - Parsing config file: cert\cfg\ICVSBContent.cfg
2024-01-30 10:58:58,780 - Parsed config items:
cert-keypair:	cert/key/ICVSBContent.pem
cert-keypair-pwd:	cert/key/ICVSBContent.pwd
load-verify-scheme:	0
crypto-type:	0
aes-ce-id:	0
aes-enc-key:	cert/key/KCEICV.txt
images-table:	cert/Images.txt
nvcounter-val:	1
cert-pkg:	cert/ICVSBContent.crt
2024-01-30 10:58:58,780 - **** Creating Content Certificate ****
2024-01-30 10:58:58,808 - **** Certificate file (context) creation has been completed successfully ****
2024-01-30 10:59:00,635 - Content Certificate Generation Utility started (Logging to sb_content_cert.log)
2024-01-30 10:59:00,636 - Parsing config file: cert\cfg\ICVSBContent.cfg
2024-01-30 10:59:00,636 - Parsed config items:
cert-keypair:	cert/key/ICVSBContent.pem
cert-keypair-pwd:	cert/key/ICVSBContent.pwd
load-verify-scheme:	0
crypto-type:	0
aes-ce-id:	0
aes-enc-key:	cert/key/KCEICV.txt
images-table:	cert/Images.txt
nvcounter-val:	1
cert-pkg:	cert/ICVSBContent.crt
2024-01-30 10:59:00,637 - **** Creating Content Certificate ****
2024-01-30 10:59:00,656 - **** Certificate file (context) creation has been completed successfully ****
2024-01-30 10:59:02,537 - Content Certificate Generation Utility started (Logging to sb_content_cert.log)
2024-01-30 10:59:02,538 - Parsing config file: cert\cfg\ICVSBContent.cfg
2024-01-30 10:59:02,538 - Parsed config items:
cert-keypair:	cert/key/ICVSBContent.pem
cert-keypair-pwd:	cert/key/ICVSBContent.pwd
load-verify-scheme:	0
crypto-type:	0
aes-ce-id:	0
aes-enc-key:	cert/key/KCEICV.txt
images-table:	cert/Images.txt
nvcounter-val:	1
cert-pkg:	cert/ICVSBContent.crt
2024-01-30 10:59:02,539 - **** Creating Content Certificate ****
2024-01-30 10:59:02,572 - **** Certificate file (context) creation has been completed successfully ****
2024-01-30 10:59:06,681 - Content Certificate Generation Utility started (Logging to sb_content_cert.log)
2024-01-30 10:59:06,681 - Parsing config file: cert\cfg\ICVSBContent.cfg
2024-01-30 10:59:06,682 - Parsed config items:
cert-keypair:	cert/key/ICVSBContent.pem
cert-keypair-pwd:	cert/key/ICVSBContent.pwd
load-verify-scheme:	0
crypto-type:	0
aes-ce-id:	0
aes-enc-key:	cert/key/KCEICV.txt
images-table:	cert/Images.txt
nvcounter-val:	1
cert-pkg:	cert/ICVSBContent.crt
2024-01-30 10:59:06,682 - **** Creating Content Certificate ****
2024-01-30 10:59:06,700 - **** Certificate file (context) creation has been completed successfully ****
2024-01-30 11:07:30,714 - Content Certificate Generation Utility started (Logging to sb_content_cert.log)
2024-01-30 11:07:30,714 - Parsing config file: cert\cfg\ICVSBContent.cfg
2024-01-30 11:07:30,722 - Parsed config items:
cert-keypair:	cert/key/ICVSBContent.pem
cert-keypair-pwd:	cert/key/ICVSBContent.pwd
load-verify-scheme:	0
crypto-type:	0
aes-ce-id:	0
aes-enc-key:	cert/key/KCEICV.txt
images-table:	cert/Images.txt
nvcounter-val:	1
cert-pkg:	cert/ICVSBContent.crt
2024-01-30 11:07:30,723 - **** Creating Content Certificate ****
2024-01-30 11:07:30,750 - **** Certificate file (context) creation has been completed successfully ****
2024-01-30 11:07:32,005 - Content Certificate Generation Utility started (Logging to sb_content_cert.log)
2024-01-30 11:07:32,006 - Parsing config file: cert\cfg\ICVSBContent.cfg
2024-01-30 11:07:32,007 - Parsed config items:
cert-keypair:	cert/key/ICVSBContent.pem
cert-keypair-pwd:	cert/key/ICVSBContent.pwd
load-verify-scheme:	0
crypto-type:	0
aes-ce-id:	0
aes-enc-key:	cert/key/KCEICV.txt
images-table:	cert/Images.txt
nvcounter-val:	1
cert-pkg:	cert/ICVSBContent.crt
2024-01-30 11:07:32,007 - **** Creating Content Certificate ****
2024-01-30 11:07:32,035 - **** Certificate file (context) creation has been completed successfully ****
2024-01-30 11:07:33,863 - Content Certificate Generation Utility started (Logging to sb_content_cert.log)
2024-01-30 11:07:33,864 - Parsing config file: cert\cfg\ICVSBContent.cfg
2024-01-30 11:07:33,865 - Parsed config items:
cert-keypair:	cert/key/ICVSBContent.pem
cert-keypair-pwd:	cert/key/ICVSBContent.pwd
load-verify-scheme:	0
crypto-type:	0
aes-ce-id:	0
aes-enc-key:	cert/key/KCEICV.txt
images-table:	cert/Images.txt
nvcounter-val:	1
cert-pkg:	cert/ICVSBContent.crt
2024-01-30 11:07:33,866 - **** Creating Content Certificate ****
2024-01-30 11:07:33,885 - **** Certificate file (context) creation has been completed successfully ****
2024-01-30 11:07:35,191 - Content Certificate Generation Utility started (Logging to sb_content_cert.log)
2024-01-30 11:07:35,191 - Parsing config file: cert\cfg\ICVSBContent.cfg
2024-01-30 11:07:35,192 - Parsed config items:
cert-keypair:	cert/key/ICVSBContent.pem
cert-keypair-pwd:	cert/key/ICVSBContent.pwd
load-verify-scheme:	0
crypto-type:	0
aes-ce-id:	0
aes-enc-key:	cert/key/KCEICV.txt
images-table:	cert/Images.txt
nvcounter-val:	1
cert-pkg:	cert/ICVSBContent.crt
2024-01-30 11:07:35,192 - **** Creating Content Certificate ****
2024-01-30 11:07:35,208 - **** Certificate file (context) creation has been completed successfully ****
2024-01-30 11:07:37,123 - Content Certificate Generation Utility started (Logging to sb_content_cert.log)
2024-01-30 11:07:37,123 - Parsing config file: cert\cfg\ICVSBContent.cfg
2024-01-30 11:07:37,124 - Parsed config items:
cert-keypair:	cert/key/ICVSBContent.pem
cert-keypair-pwd:	cert/key/ICVSBContent.pwd
load-verify-scheme:	0
crypto-type:	0
aes-ce-id:	0
aes-enc-key:	cert/key/KCEICV.txt
images-table:	cert/Images.txt
nvcounter-val:	1
cert-pkg:	cert/ICVSBContent.crt
2024-01-30 11:07:37,124 - **** Creating Content Certificate ****
2024-01-30 11:07:37,150 - **** Certificate file (context) creation has been completed successfully ****
2024-01-30 11:07:41,205 - Content Certificate Generation Utility started (Logging to sb_content_cert.log)
2024-01-30 11:07:41,205 - Parsing config file: cert\cfg\ICVSBContent.cfg
2024-01-30 11:07:41,207 - Parsed config items:
cert-keypair:	cert/key/ICVSBContent.pem
cert-keypair-pwd:	cert/key/ICVSBContent.pwd
load-verify-scheme:	0
crypto-type:	0
aes-ce-id:	0
aes-enc-key:	cert/key/KCEICV.txt
images-table:	cert/Images.txt
nvcounter-val:	1
cert-pkg:	cert/ICVSBContent.crt
2024-01-30 11:07:41,207 - **** Creating Content Certificate ****
2024-01-30 11:07:41,227 - **** Certificate file (context) creation has been completed successfully ****
2024-01-30 11:12:51,859 - Content Certificate Generation Utility started (Logging to sb_content_cert.log)
2024-01-30 11:12:51,859 - Parsing config file: cert\cfg\ICVSBContent.cfg
2024-01-30 11:12:51,860 - Parsed config items:
cert-keypair:	cert/key/ICVSBContent.pem
cert-keypair-pwd:	cert/key/ICVSBContent.pwd
load-verify-scheme:	0
crypto-type:	0
aes-ce-id:	0
aes-enc-key:	cert/key/KCEICV.txt
images-table:	cert/Images.txt
nvcounter-val:	1
cert-pkg:	cert/ICVSBContent.crt
2024-01-30 11:12:51,860 - **** Creating Content Certificate ****
2024-01-30 11:12:51,876 - **** Certificate file (context) creation has been completed successfully ****
2024-01-30 11:12:53,199 - Content Certificate Generation Utility started (Logging to sb_content_cert.log)
2024-01-30 11:12:53,199 - Parsing config file: cert\cfg\ICVSBContent.cfg
2024-01-30 11:12:53,200 - Parsed config items:
cert-keypair:	cert/key/ICVSBContent.pem
cert-keypair-pwd:	cert/key/ICVSBContent.pwd
load-verify-scheme:	0
crypto-type:	0
aes-ce-id:	0
aes-enc-key:	cert/key/KCEICV.txt
images-table:	cert/Images.txt
nvcounter-val:	1
cert-pkg:	cert/ICVSBContent.crt
2024-01-30 11:12:53,200 - **** Creating Content Certificate ****
2024-01-30 11:12:53,214 - **** Certificate file (context) creation has been completed successfully ****
2024-01-30 11:12:54,850 - Content Certificate Generation Utility started (Logging to sb_content_cert.log)
2024-01-30 11:12:54,851 - Parsing config file: cert\cfg\ICVSBContent.cfg
2024-01-30 11:12:54,851 - Parsed config items:
cert-keypair:	cert/key/ICVSBContent.pem
cert-keypair-pwd:	cert/key/ICVSBContent.pwd
load-verify-scheme:	0
crypto-type:	0
aes-ce-id:	0
aes-enc-key:	cert/key/KCEICV.txt
images-table:	cert/Images.txt
nvcounter-val:	1
cert-pkg:	cert/ICVSBContent.crt
2024-01-30 11:12:54,852 - **** Creating Content Certificate ****
2024-01-30 11:12:54,874 - **** Certificate file (context) creation has been completed successfully ****
2024-01-30 11:12:56,129 - Content Certificate Generation Utility started (Logging to sb_content_cert.log)
2024-01-30 11:12:56,129 - Parsing config file: cert\cfg\ICVSBContent.cfg
2024-01-30 11:12:56,130 - Parsed config items:
cert-keypair:	cert/key/ICVSBContent.pem
cert-keypair-pwd:	cert/key/ICVSBContent.pwd
load-verify-scheme:	0
crypto-type:	0
aes-ce-id:	0
aes-enc-key:	cert/key/KCEICV.txt
images-table:	cert/Images.txt
nvcounter-val:	1
cert-pkg:	cert/ICVSBContent.crt
2024-01-30 11:12:56,131 - **** Creating Content Certificate ****
2024-01-30 11:12:56,146 - **** Certificate file (context) creation has been completed successfully ****
2024-01-30 11:12:57,495 - Content Certificate Generation Utility started (Logging to sb_content_cert.log)
2024-01-30 11:12:57,496 - Parsing config file: cert\cfg\ICVSBContent.cfg
2024-01-30 11:12:57,496 - Parsed config items:
cert-keypair:	cert/key/ICVSBContent.pem
cert-keypair-pwd:	cert/key/ICVSBContent.pwd
load-verify-scheme:	0
crypto-type:	0
aes-ce-id:	0
aes-enc-key:	cert/key/KCEICV.txt
images-table:	cert/Images.txt
nvcounter-val:	1
cert-pkg:	cert/ICVSBContent.crt
2024-01-30 11:12:57,497 - **** Creating Content Certificate ****
2024-01-30 11:12:57,512 - **** Certificate file (context) creation has been completed successfully ****
2024-01-30 11:13:01,092 - Content Certificate Generation Utility started (Logging to sb_content_cert.log)
2024-01-30 11:13:01,092 - Parsing config file: cert\cfg\ICVSBContent.cfg
2024-01-30 11:13:01,093 - Parsed config items:
cert-keypair:	cert/key/ICVSBContent.pem
cert-keypair-pwd:	cert/key/ICVSBContent.pwd
load-verify-scheme:	0
crypto-type:	0
aes-ce-id:	0
aes-enc-key:	cert/key/KCEICV.txt
images-table:	cert/Images.txt
nvcounter-val:	1
cert-pkg:	cert/ICVSBContent.crt
2024-01-30 11:13:01,093 - **** Creating Content Certificate ****
2024-01-30 11:13:01,107 - **** Certificate file (context) creation has been completed successfully ****
2024-01-30 11:16:18,458 - Content Certificate Generation Utility started (Logging to sb_content_cert.log)
2024-01-30 11:16:18,459 - Parsing config file: cert\cfg\ICVSBContent.cfg
2024-01-30 11:16:18,460 - Parsed config items:
cert-keypair:	cert/key/ICVSBContent.pem
cert-keypair-pwd:	cert/key/ICVSBContent.pwd
load-verify-scheme:	0
crypto-type:	0
aes-ce-id:	0
aes-enc-key:	cert/key/KCEICV.txt
images-table:	cert/Images.txt
nvcounter-val:	1
cert-pkg:	cert/ICVSBContent.crt
2024-01-30 11:16:18,461 - **** Creating Content Certificate ****
2024-01-30 11:16:18,485 - **** Certificate file (context) creation has been completed successfully ****
2024-01-30 11:16:19,878 - Content Certificate Generation Utility started (Logging to sb_content_cert.log)
2024-01-30 11:16:19,878 - Parsing config file: cert\cfg\ICVSBContent.cfg
2024-01-30 11:16:19,879 - Parsed config items:
cert-keypair:	cert/key/ICVSBContent.pem
cert-keypair-pwd:	cert/key/ICVSBContent.pwd
load-verify-scheme:	0
crypto-type:	0
aes-ce-id:	0
aes-enc-key:	cert/key/KCEICV.txt
images-table:	cert/Images.txt
nvcounter-val:	1
cert-pkg:	cert/ICVSBContent.crt
2024-01-30 11:16:19,879 - **** Creating Content Certificate ****
2024-01-30 11:16:19,894 - **** Certificate file (context) creation has been completed successfully ****
2024-01-30 11:16:21,692 - Content Certificate Generation Utility started (Logging to sb_content_cert.log)
2024-01-30 11:16:21,692 - Parsing config file: cert\cfg\ICVSBContent.cfg
2024-01-30 11:16:21,693 - Parsed config items:
cert-keypair:	cert/key/ICVSBContent.pem
cert-keypair-pwd:	cert/key/ICVSBContent.pwd
load-verify-scheme:	0
crypto-type:	0
aes-ce-id:	0
aes-enc-key:	cert/key/KCEICV.txt
images-table:	cert/Images.txt
nvcounter-val:	1
cert-pkg:	cert/ICVSBContent.crt
2024-01-30 11:16:21,693 - **** Creating Content Certificate ****
2024-01-30 11:16:21,709 - **** Certificate file (context) creation has been completed successfully ****
2024-01-30 11:16:23,125 - Content Certificate Generation Utility started (Logging to sb_content_cert.log)
2024-01-30 11:16:23,125 - Parsing config file: cert\cfg\ICVSBContent.cfg
2024-01-30 11:16:23,126 - Parsed config items:
cert-keypair:	cert/key/ICVSBContent.pem
cert-keypair-pwd:	cert/key/ICVSBContent.pwd
load-verify-scheme:	0
crypto-type:	0
aes-ce-id:	0
aes-enc-key:	cert/key/KCEICV.txt
images-table:	cert/Images.txt
nvcounter-val:	1
cert-pkg:	cert/ICVSBContent.crt
2024-01-30 11:16:23,126 - **** Creating Content Certificate ****
2024-01-30 11:16:23,143 - **** Certificate file (context) creation has been completed successfully ****
2024-01-30 11:16:24,459 - Content Certificate Generation Utility started (Logging to sb_content_cert.log)
2024-01-30 11:16:24,459 - Parsing config file: cert\cfg\ICVSBContent.cfg
2024-01-30 11:16:24,460 - Parsed config items:
cert-keypair:	cert/key/ICVSBContent.pem
cert-keypair-pwd:	cert/key/ICVSBContent.pwd
load-verify-scheme:	0
crypto-type:	0
aes-ce-id:	0
aes-enc-key:	cert/key/KCEICV.txt
images-table:	cert/Images.txt
nvcounter-val:	1
cert-pkg:	cert/ICVSBContent.crt
2024-01-30 11:16:24,460 - **** Creating Content Certificate ****
2024-01-30 11:16:24,475 - **** Certificate file (context) creation has been completed successfully ****
2024-01-30 11:16:28,073 - Content Certificate Generation Utility started (Logging to sb_content_cert.log)
2024-01-30 11:16:28,074 - Parsing config file: cert\cfg\ICVSBContent.cfg
2024-01-30 11:16:28,074 - Parsed config items:
cert-keypair:	cert/key/ICVSBContent.pem
cert-keypair-pwd:	cert/key/ICVSBContent.pwd
load-verify-scheme:	0
crypto-type:	0
aes-ce-id:	0
aes-enc-key:	cert/key/KCEICV.txt
images-table:	cert/Images.txt
nvcounter-val:	1
cert-pkg:	cert/ICVSBContent.crt
2024-01-30 11:16:28,075 - **** Creating Content Certificate ****
2024-01-30 11:16:28,090 - **** Certificate file (context) creation has been completed successfully ****
2024-01-30 11:19:41,182 - Content Certificate Generation Utility started (Logging to sb_content_cert.log)
2024-01-30 11:19:41,183 - Parsing config file: cert\cfg\ICVSBContent.cfg
2024-01-30 11:19:41,183 - Parsed config items:
cert-keypair:	cert/key/ICVSBContent.pem
cert-keypair-pwd:	cert/key/ICVSBContent.pwd
load-verify-scheme:	0
crypto-type:	0
aes-ce-id:	0
aes-enc-key:	cert/key/KCEICV.txt
images-table:	cert/Images.txt
nvcounter-val:	1
cert-pkg:	cert/ICVSBContent.crt
2024-01-30 11:19:41,184 - **** Creating Content Certificate ****
2024-01-30 11:19:41,199 - **** Certificate file (context) creation has been completed successfully ****
2024-01-30 11:19:42,664 - Content Certificate Generation Utility started (Logging to sb_content_cert.log)
2024-01-30 11:19:42,665 - Parsing config file: cert\cfg\ICVSBContent.cfg
2024-01-30 11:19:42,665 - Parsed config items:
cert-keypair:	cert/key/ICVSBContent.pem
cert-keypair-pwd:	cert/key/ICVSBContent.pwd
load-verify-scheme:	0
crypto-type:	0
aes-ce-id:	0
aes-enc-key:	cert/key/KCEICV.txt
images-table:	cert/Images.txt
nvcounter-val:	1
cert-pkg:	cert/ICVSBContent.crt
2024-01-30 11:19:42,666 - **** Creating Content Certificate ****
2024-01-30 11:19:42,681 - **** Certificate file (context) creation has been completed successfully ****
2024-01-30 11:19:44,230 - Content Certificate Generation Utility started (Logging to sb_content_cert.log)
2024-01-30 11:19:44,230 - Parsing config file: cert\cfg\ICVSBContent.cfg
2024-01-30 11:19:44,231 - Parsed config items:
cert-keypair:	cert/key/ICVSBContent.pem
cert-keypair-pwd:	cert/key/ICVSBContent.pwd
load-verify-scheme:	0
crypto-type:	0
aes-ce-id:	0
aes-enc-key:	cert/key/KCEICV.txt
images-table:	cert/Images.txt
nvcounter-val:	1
cert-pkg:	cert/ICVSBContent.crt
2024-01-30 11:19:44,231 - **** Creating Content Certificate ****
2024-01-30 11:19:44,247 - **** Certificate file (context) creation has been completed successfully ****
2024-01-30 11:19:45,483 - Content Certificate Generation Utility started (Logging to sb_content_cert.log)
2024-01-30 11:19:45,484 - Parsing config file: cert\cfg\ICVSBContent.cfg
2024-01-30 11:19:45,485 - Parsed config items:
cert-keypair:	cert/key/ICVSBContent.pem
cert-keypair-pwd:	cert/key/ICVSBContent.pwd
load-verify-scheme:	0
crypto-type:	0
aes-ce-id:	0
aes-enc-key:	cert/key/KCEICV.txt
images-table:	cert/Images.txt
nvcounter-val:	1
cert-pkg:	cert/ICVSBContent.crt
2024-01-30 11:19:45,486 - **** Creating Content Certificate ****
2024-01-30 11:19:45,504 - **** Certificate file (context) creation has been completed successfully ****
2024-01-30 11:19:46,902 - Content Certificate Generation Utility started (Logging to sb_content_cert.log)
2024-01-30 11:19:46,903 - Parsing config file: cert\cfg\ICVSBContent.cfg
2024-01-30 11:19:46,903 - Parsed config items:
cert-keypair:	cert/key/ICVSBContent.pem
cert-keypair-pwd:	cert/key/ICVSBContent.pwd
load-verify-scheme:	0
crypto-type:	0
aes-ce-id:	0
aes-enc-key:	cert/key/KCEICV.txt
images-table:	cert/Images.txt
nvcounter-val:	1
cert-pkg:	cert/ICVSBContent.crt
2024-01-30 11:19:46,904 - **** Creating Content Certificate ****
2024-01-30 11:19:46,917 - **** Certificate file (context) creation has been completed successfully ****
2024-01-30 11:19:50,495 - Content Certificate Generation Utility started (Logging to sb_content_cert.log)
2024-01-30 11:19:50,495 - Parsing config file: cert\cfg\ICVSBContent.cfg
2024-01-30 11:19:50,496 - Parsed config items:
cert-keypair:	cert/key/ICVSBContent.pem
cert-keypair-pwd:	cert/key/ICVSBContent.pwd
load-verify-scheme:	0
crypto-type:	0
aes-ce-id:	0
aes-enc-key:	cert/key/KCEICV.txt
images-table:	cert/Images.txt
nvcounter-val:	1
cert-pkg:	cert/ICVSBContent.crt
2024-01-30 11:19:50,496 - **** Creating Content Certificate ****
2024-01-30 11:19:50,511 - **** Certificate file (context) creation has been completed successfully ****
2024-01-30 13:39:12,561 - Content Certificate Generation Utility started (Logging to sb_content_cert.log)
2024-01-30 13:39:12,562 - Parsing config file: cert\cfg\ICVSBContent.cfg
2024-01-30 13:39:12,572 - Parsed config items:
cert-keypair:	cert/key/ICVSBContent.pem
cert-keypair-pwd:	cert/key/ICVSBContent.pwd
load-verify-scheme:	0
crypto-type:	0
aes-ce-id:	0
aes-enc-key:	cert/key/KCEICV.txt
images-table:	cert/Images.txt
nvcounter-val:	1
cert-pkg:	cert/ICVSBContent.crt
2024-01-30 13:39:12,573 - **** Creating Content Certificate ****
2024-01-30 13:39:12,628 - **** Certificate file (context) creation has been completed successfully ****
2024-01-30 13:39:14,476 - Content Certificate Generation Utility started (Logging to sb_content_cert.log)
2024-01-30 13:39:14,477 - Parsing config file: cert\cfg\ICVSBContent.cfg
2024-01-30 13:39:14,477 - Parsed config items:
cert-keypair:	cert/key/ICVSBContent.pem
cert-keypair-pwd:	cert/key/ICVSBContent.pwd
load-verify-scheme:	0
crypto-type:	0
aes-ce-id:	0
aes-enc-key:	cert/key/KCEICV.txt
images-table:	cert/Images.txt
nvcounter-val:	1
cert-pkg:	cert/ICVSBContent.crt
2024-01-30 13:39:14,478 - **** Creating Content Certificate ****
2024-01-30 13:39:14,504 - **** Certificate file (context) creation has been completed successfully ****
2024-01-30 13:39:16,732 - Content Certificate Generation Utility started (Logging to sb_content_cert.log)
2024-01-30 13:39:16,732 - Parsing config file: cert\cfg\ICVSBContent.cfg
2024-01-30 13:39:16,733 - Parsed config items:
cert-keypair:	cert/key/ICVSBContent.pem
cert-keypair-pwd:	cert/key/ICVSBContent.pwd
load-verify-scheme:	0
crypto-type:	0
aes-ce-id:	0
aes-enc-key:	cert/key/KCEICV.txt
images-table:	cert/Images.txt
nvcounter-val:	1
cert-pkg:	cert/ICVSBContent.crt
2024-01-30 13:39:16,733 - **** Creating Content Certificate ****
2024-01-30 13:39:16,753 - **** Certificate file (context) creation has been completed successfully ****
2024-01-30 13:39:18,988 - Content Certificate Generation Utility started (Logging to sb_content_cert.log)
2024-01-30 13:39:18,989 - Parsing config file: cert\cfg\ICVSBContent.cfg
2024-01-30 13:39:18,989 - Parsed config items:
cert-keypair:	cert/key/ICVSBContent.pem
cert-keypair-pwd:	cert/key/ICVSBContent.pwd
load-verify-scheme:	0
crypto-type:	0
aes-ce-id:	0
aes-enc-key:	cert/key/KCEICV.txt
images-table:	cert/Images.txt
nvcounter-val:	1
cert-pkg:	cert/ICVSBContent.crt
2024-01-30 13:39:18,990 - **** Creating Content Certificate ****
2024-01-30 13:39:19,010 - **** Certificate file (context) creation has been completed successfully ****
2024-01-30 13:39:20,819 - Content Certificate Generation Utility started (Logging to sb_content_cert.log)
2024-01-30 13:39:20,820 - Parsing config file: cert\cfg\ICVSBContent.cfg
2024-01-30 13:39:20,820 - Parsed config items:
cert-keypair:	cert/key/ICVSBContent.pem
cert-keypair-pwd:	cert/key/ICVSBContent.pwd
load-verify-scheme:	0
crypto-type:	0
aes-ce-id:	0
aes-enc-key:	cert/key/KCEICV.txt
images-table:	cert/Images.txt
nvcounter-val:	1
cert-pkg:	cert/ICVSBContent.crt
2024-01-30 13:39:20,821 - **** Creating Content Certificate ****
2024-01-30 13:39:20,853 - **** Certificate file (context) creation has been completed successfully ****
2024-01-30 13:39:25,334 - Content Certificate Generation Utility started (Logging to sb_content_cert.log)
2024-01-30 13:39:25,334 - Parsing config file: cert\cfg\ICVSBContent.cfg
2024-01-30 13:39:25,335 - Parsed config items:
cert-keypair:	cert/key/ICVSBContent.pem
cert-keypair-pwd:	cert/key/ICVSBContent.pwd
load-verify-scheme:	0
crypto-type:	0
aes-ce-id:	0
aes-enc-key:	cert/key/KCEICV.txt
images-table:	cert/Images.txt
nvcounter-val:	1
cert-pkg:	cert/ICVSBContent.crt
2024-01-30 13:39:25,335 - **** Creating Content Certificate ****
2024-01-30 13:39:25,351 - **** Certificate file (context) creation has been completed successfully ****
2024-01-30 13:52:03,726 - Content Certificate Generation Utility started (Logging to sb_content_cert.log)
2024-01-30 13:52:03,729 - Parsing config file: cert\cfg\ICVSBContent.cfg
2024-01-30 13:52:03,729 - Parsed config items:
cert-keypair:	cert/key/ICVSBContent.pem
cert-keypair-pwd:	cert/key/ICVSBContent.pwd
load-verify-scheme:	0
crypto-type:	0
aes-ce-id:	0
aes-enc-key:	cert/key/KCEICV.txt
images-table:	cert/Images.txt
nvcounter-val:	1
cert-pkg:	cert/ICVSBContent.crt
2024-01-30 13:52:03,730 - **** Creating Content Certificate ****
2024-01-30 13:52:03,784 - **** Certificate file (context) creation has been completed successfully ****
2024-01-30 13:52:05,791 - Content Certificate Generation Utility started (Logging to sb_content_cert.log)
2024-01-30 13:52:05,792 - Parsing config file: cert\cfg\ICVSBContent.cfg
2024-01-30 13:52:05,792 - Parsed config items:
cert-keypair:	cert/key/ICVSBContent.pem
cert-keypair-pwd:	cert/key/ICVSBContent.pwd
load-verify-scheme:	0
crypto-type:	0
aes-ce-id:	0
aes-enc-key:	cert/key/KCEICV.txt
images-table:	cert/Images.txt
nvcounter-val:	1
cert-pkg:	cert/ICVSBContent.crt
2024-01-30 13:52:05,793 - **** Creating Content Certificate ****
2024-01-30 13:52:05,815 - **** Certificate file (context) creation has been completed successfully ****
2024-01-30 13:52:08,256 - Content Certificate Generation Utility started (Logging to sb_content_cert.log)
2024-01-30 13:52:08,256 - Parsing config file: cert\cfg\ICVSBContent.cfg
2024-01-30 13:52:08,257 - Parsed config items:
cert-keypair:	cert/key/ICVSBContent.pem
cert-keypair-pwd:	cert/key/ICVSBContent.pwd
load-verify-scheme:	0
crypto-type:	0
aes-ce-id:	0
aes-enc-key:	cert/key/KCEICV.txt
images-table:	cert/Images.txt
nvcounter-val:	1
cert-pkg:	cert/ICVSBContent.crt
2024-01-30 13:52:08,257 - **** Creating Content Certificate ****
2024-01-30 13:52:08,287 - **** Certificate file (context) creation has been completed successfully ****
2024-01-30 13:52:10,255 - Content Certificate Generation Utility started (Logging to sb_content_cert.log)
2024-01-30 13:52:10,256 - Parsing config file: cert\cfg\ICVSBContent.cfg
2024-01-30 13:52:10,257 - Parsed config items:
cert-keypair:	cert/key/ICVSBContent.pem
cert-keypair-pwd:	cert/key/ICVSBContent.pwd
load-verify-scheme:	0
crypto-type:	0
aes-ce-id:	0
aes-enc-key:	cert/key/KCEICV.txt
images-table:	cert/Images.txt
nvcounter-val:	1
cert-pkg:	cert/ICVSBContent.crt
2024-01-30 13:52:10,257 - **** Creating Content Certificate ****
2024-01-30 13:52:10,281 - **** Certificate file (context) creation has been completed successfully ****
2024-01-30 13:52:12,077 - Content Certificate Generation Utility started (Logging to sb_content_cert.log)
2024-01-30 13:52:12,078 - Parsing config file: cert\cfg\ICVSBContent.cfg
2024-01-30 13:52:12,079 - Parsed config items:
cert-keypair:	cert/key/ICVSBContent.pem
cert-keypair-pwd:	cert/key/ICVSBContent.pwd
load-verify-scheme:	0
crypto-type:	0
aes-ce-id:	0
aes-enc-key:	cert/key/KCEICV.txt
images-table:	cert/Images.txt
nvcounter-val:	1
cert-pkg:	cert/ICVSBContent.crt
2024-01-30 13:52:12,079 - **** Creating Content Certificate ****
2024-01-30 13:52:12,099 - **** Certificate file (context) creation has been completed successfully ****
2024-01-30 13:52:17,487 - Content Certificate Generation Utility started (Logging to sb_content_cert.log)
2024-01-30 13:52:17,487 - Parsing config file: cert\cfg\ICVSBContent.cfg
2024-01-30 13:52:17,488 - Parsed config items:
cert-keypair:	cert/key/ICVSBContent.pem
cert-keypair-pwd:	cert/key/ICVSBContent.pwd
load-verify-scheme:	0
crypto-type:	0
aes-ce-id:	0
aes-enc-key:	cert/key/KCEICV.txt
images-table:	cert/Images.txt
nvcounter-val:	1
cert-pkg:	cert/ICVSBContent.crt
2024-01-30 13:52:17,489 - **** Creating Content Certificate ****
2024-01-30 13:52:17,514 - **** Certificate file (context) creation has been completed successfully ****
2024-01-30 15:22:58,647 - Content Certificate Generation Utility started (Logging to sb_content_cert.log)
2024-01-30 15:22:58,648 - Parsing config file: cert\cfg\ICVSBContent.cfg
2024-01-30 15:22:58,655 - Parsed config items:
cert-keypair:	cert/key/ICVSBContent.pem
cert-keypair-pwd:	cert/key/ICVSBContent.pwd
load-verify-scheme:	0
crypto-type:	0
aes-ce-id:	0
aes-enc-key:	cert/key/KCEICV.txt
images-table:	cert/Images.txt
nvcounter-val:	1
cert-pkg:	cert/ICVSBContent.crt
2024-01-30 15:22:58,656 - **** Creating Content Certificate ****
2024-01-30 15:22:58,698 - **** Certificate file (context) creation has been completed successfully ****
2024-01-30 15:23:00,526 - Content Certificate Generation Utility started (Logging to sb_content_cert.log)
2024-01-30 15:23:00,527 - Parsing config file: cert\cfg\ICVSBContent.cfg
2024-01-30 15:23:00,528 - Parsed config items:
cert-keypair:	cert/key/ICVSBContent.pem
cert-keypair-pwd:	cert/key/ICVSBContent.pwd
load-verify-scheme:	0
crypto-type:	0
aes-ce-id:	0
aes-enc-key:	cert/key/KCEICV.txt
images-table:	cert/Images.txt
nvcounter-val:	1
cert-pkg:	cert/ICVSBContent.crt
2024-01-30 15:23:00,529 - **** Creating Content Certificate ****
2024-01-30 15:23:00,560 - **** Certificate file (context) creation has been completed successfully ****
2024-01-30 15:23:02,914 - Content Certificate Generation Utility started (Logging to sb_content_cert.log)
2024-01-30 15:23:02,915 - Parsing config file: cert\cfg\ICVSBContent.cfg
2024-01-30 15:23:02,915 - Parsed config items:
cert-keypair:	cert/key/ICVSBContent.pem
cert-keypair-pwd:	cert/key/ICVSBContent.pwd
load-verify-scheme:	0
crypto-type:	0
aes-ce-id:	0
aes-enc-key:	cert/key/KCEICV.txt
images-table:	cert/Images.txt
nvcounter-val:	1
cert-pkg:	cert/ICVSBContent.crt
2024-01-30 15:23:02,916 - **** Creating Content Certificate ****
2024-01-30 15:23:02,937 - **** Certificate file (context) creation has been completed successfully ****
2024-01-30 15:23:04,973 - Content Certificate Generation Utility started (Logging to sb_content_cert.log)
2024-01-30 15:23:04,974 - Parsing config file: cert\cfg\ICVSBContent.cfg
2024-01-30 15:23:04,974 - Parsed config items:
cert-keypair:	cert/key/ICVSBContent.pem
cert-keypair-pwd:	cert/key/ICVSBContent.pwd
load-verify-scheme:	0
crypto-type:	0
aes-ce-id:	0
aes-enc-key:	cert/key/KCEICV.txt
images-table:	cert/Images.txt
nvcounter-val:	1
cert-pkg:	cert/ICVSBContent.crt
2024-01-30 15:23:04,975 - **** Creating Content Certificate ****
2024-01-30 15:23:04,995 - **** Certificate file (context) creation has been completed successfully ****
2024-01-30 15:23:06,837 - Content Certificate Generation Utility started (Logging to sb_content_cert.log)
2024-01-30 15:23:06,838 - Parsing config file: cert\cfg\ICVSBContent.cfg
2024-01-30 15:23:06,839 - Parsed config items:
cert-keypair:	cert/key/ICVSBContent.pem
cert-keypair-pwd:	cert/key/ICVSBContent.pwd
load-verify-scheme:	0
crypto-type:	0
aes-ce-id:	0
aes-enc-key:	cert/key/KCEICV.txt
images-table:	cert/Images.txt
nvcounter-val:	1
cert-pkg:	cert/ICVSBContent.crt
2024-01-30 15:23:06,839 - **** Creating Content Certificate ****
2024-01-30 15:23:06,866 - **** Certificate file (context) creation has been completed successfully ****
2024-01-30 15:23:11,903 - Content Certificate Generation Utility started (Logging to sb_content_cert.log)
2024-01-30 15:23:11,904 - Parsing config file: cert\cfg\ICVSBContent.cfg
2024-01-30 15:23:11,905 - Parsed config items:
cert-keypair:	cert/key/ICVSBContent.pem
cert-keypair-pwd:	cert/key/ICVSBContent.pwd
load-verify-scheme:	0
crypto-type:	0
aes-ce-id:	0
aes-enc-key:	cert/key/KCEICV.txt
images-table:	cert/Images.txt
nvcounter-val:	1
cert-pkg:	cert/ICVSBContent.crt
2024-01-30 15:23:11,905 - **** Creating Content Certificate ****
2024-01-30 15:23:11,927 - **** Certificate file (context) creation has been completed successfully ****
2024-01-30 15:31:04,595 - Content Certificate Generation Utility started (Logging to sb_content_cert.log)
2024-01-30 15:31:04,596 - Parsing config file: cert\cfg\ICVSBContent.cfg
2024-01-30 15:31:04,604 - Parsed config items:
cert-keypair:	cert/key/ICVSBContent.pem
cert-keypair-pwd:	cert/key/ICVSBContent.pwd
load-verify-scheme:	0
crypto-type:	0
aes-ce-id:	0
aes-enc-key:	cert/key/KCEICV.txt
images-table:	cert/Images.txt
nvcounter-val:	1
cert-pkg:	cert/ICVSBContent.crt
2024-01-30 15:31:04,605 - **** Creating Content Certificate ****
2024-01-30 15:31:04,640 - **** Certificate file (context) creation has been completed successfully ****
2024-01-30 15:31:06,417 - Content Certificate Generation Utility started (Logging to sb_content_cert.log)
2024-01-30 15:31:06,418 - Parsing config file: cert\cfg\ICVSBContent.cfg
2024-01-30 15:31:06,419 - Parsed config items:
cert-keypair:	cert/key/ICVSBContent.pem
cert-keypair-pwd:	cert/key/ICVSBContent.pwd
load-verify-scheme:	0
crypto-type:	0
aes-ce-id:	0
aes-enc-key:	cert/key/KCEICV.txt
images-table:	cert/Images.txt
nvcounter-val:	1
cert-pkg:	cert/ICVSBContent.crt
2024-01-30 15:31:06,419 - **** Creating Content Certificate ****
2024-01-30 15:31:06,442 - **** Certificate file (context) creation has been completed successfully ****
2024-01-30 15:31:08,134 - Content Certificate Generation Utility started (Logging to sb_content_cert.log)
2024-01-30 15:31:08,135 - Parsing config file: cert\cfg\ICVSBContent.cfg
2024-01-30 15:31:08,135 - Parsed config items:
cert-keypair:	cert/key/ICVSBContent.pem
cert-keypair-pwd:	cert/key/ICVSBContent.pwd
load-verify-scheme:	0
crypto-type:	0
aes-ce-id:	0
aes-enc-key:	cert/key/KCEICV.txt
images-table:	cert/Images.txt
nvcounter-val:	1
cert-pkg:	cert/ICVSBContent.crt
2024-01-30 15:31:08,136 - **** Creating Content Certificate ****
2024-01-30 15:31:08,152 - **** Certificate file (context) creation has been completed successfully ****
2024-01-30 15:31:09,494 - Content Certificate Generation Utility started (Logging to sb_content_cert.log)
2024-01-30 15:31:09,494 - Parsing config file: cert\cfg\ICVSBContent.cfg
2024-01-30 15:31:09,495 - Parsed config items:
cert-keypair:	cert/key/ICVSBContent.pem
cert-keypair-pwd:	cert/key/ICVSBContent.pwd
load-verify-scheme:	0
crypto-type:	0
aes-ce-id:	0
aes-enc-key:	cert/key/KCEICV.txt
images-table:	cert/Images.txt
nvcounter-val:	1
cert-pkg:	cert/ICVSBContent.crt
2024-01-30 15:31:09,495 - **** Creating Content Certificate ****
2024-01-30 15:31:09,513 - **** Certificate file (context) creation has been completed successfully ****
2024-01-30 15:31:10,859 - Content Certificate Generation Utility started (Logging to sb_content_cert.log)
2024-01-30 15:31:10,859 - Parsing config file: cert\cfg\ICVSBContent.cfg
2024-01-30 15:31:10,859 - Parsed config items:
cert-keypair:	cert/key/ICVSBContent.pem
cert-keypair-pwd:	cert/key/ICVSBContent.pwd
load-verify-scheme:	0
crypto-type:	0
aes-ce-id:	0
aes-enc-key:	cert/key/KCEICV.txt
images-table:	cert/Images.txt
nvcounter-val:	1
cert-pkg:	cert/ICVSBContent.crt
2024-01-30 15:31:10,859 - **** Creating Content Certificate ****
2024-01-30 15:31:10,879 - **** Certificate file (context) creation has been completed successfully ****
2024-01-30 15:31:14,524 - Content Certificate Generation Utility started (Logging to sb_content_cert.log)
2024-01-30 15:31:14,525 - Parsing config file: cert\cfg\ICVSBContent.cfg
2024-01-30 15:31:14,525 - Parsed config items:
cert-keypair:	cert/key/ICVSBContent.pem
cert-keypair-pwd:	cert/key/ICVSBContent.pwd
load-verify-scheme:	0
crypto-type:	0
aes-ce-id:	0
aes-enc-key:	cert/key/KCEICV.txt
images-table:	cert/Images.txt
nvcounter-val:	1
cert-pkg:	cert/ICVSBContent.crt
2024-01-30 15:31:14,525 - **** Creating Content Certificate ****
2024-01-30 15:31:14,542 - **** Certificate file (context) creation has been completed successfully ****
2024-01-30 15:34:24,487 - Content Certificate Generation Utility started (Logging to sb_content_cert.log)
2024-01-30 15:34:24,488 - Parsing config file: cert\cfg\ICVSBContent.cfg
2024-01-30 15:34:24,488 - Parsed config items:
cert-keypair:	cert/key/ICVSBContent.pem
cert-keypair-pwd:	cert/key/ICVSBContent.pwd
load-verify-scheme:	0
crypto-type:	0
aes-ce-id:	0
aes-enc-key:	cert/key/KCEICV.txt
images-table:	cert/Images.txt
nvcounter-val:	1
cert-pkg:	cert/ICVSBContent.crt
2024-01-30 15:34:24,489 - **** Creating Content Certificate ****
2024-01-30 15:34:24,507 - **** Certificate file (context) creation has been completed successfully ****
2024-01-30 15:34:25,805 - Content Certificate Generation Utility started (Logging to sb_content_cert.log)
2024-01-30 15:34:25,805 - Parsing config file: cert\cfg\ICVSBContent.cfg
2024-01-30 15:34:25,806 - Parsed config items:
cert-keypair:	cert/key/ICVSBContent.pem
cert-keypair-pwd:	cert/key/ICVSBContent.pwd
load-verify-scheme:	0
crypto-type:	0
aes-ce-id:	0
aes-enc-key:	cert/key/KCEICV.txt
images-table:	cert/Images.txt
nvcounter-val:	1
cert-pkg:	cert/ICVSBContent.crt
2024-01-30 15:34:25,806 - **** Creating Content Certificate ****
2024-01-30 15:34:25,822 - **** Certificate file (context) creation has been completed successfully ****
2024-01-30 15:34:27,619 - Content Certificate Generation Utility started (Logging to sb_content_cert.log)
2024-01-30 15:34:27,620 - Parsing config file: cert\cfg\ICVSBContent.cfg
2024-01-30 15:34:27,621 - Parsed config items:
cert-keypair:	cert/key/ICVSBContent.pem
cert-keypair-pwd:	cert/key/ICVSBContent.pwd
load-verify-scheme:	0
crypto-type:	0
aes-ce-id:	0
aes-enc-key:	cert/key/KCEICV.txt
images-table:	cert/Images.txt
nvcounter-val:	1
cert-pkg:	cert/ICVSBContent.crt
2024-01-30 15:34:27,621 - **** Creating Content Certificate ****
2024-01-30 15:34:27,644 - **** Certificate file (context) creation has been completed successfully ****
2024-01-30 15:34:28,941 - Content Certificate Generation Utility started (Logging to sb_content_cert.log)
2024-01-30 15:34:28,942 - Parsing config file: cert\cfg\ICVSBContent.cfg
2024-01-30 15:34:28,942 - Parsed config items:
cert-keypair:	cert/key/ICVSBContent.pem
cert-keypair-pwd:	cert/key/ICVSBContent.pwd
load-verify-scheme:	0
crypto-type:	0
aes-ce-id:	0
aes-enc-key:	cert/key/KCEICV.txt
images-table:	cert/Images.txt
nvcounter-val:	1
cert-pkg:	cert/ICVSBContent.crt
2024-01-30 15:34:28,943 - **** Creating Content Certificate ****
2024-01-30 15:34:28,957 - **** Certificate file (context) creation has been completed successfully ****
2024-01-30 15:34:30,573 - Content Certificate Generation Utility started (Logging to sb_content_cert.log)
2024-01-30 15:34:30,574 - Parsing config file: cert\cfg\ICVSBContent.cfg
2024-01-30 15:34:30,574 - Parsed config items:
cert-keypair:	cert/key/ICVSBContent.pem
cert-keypair-pwd:	cert/key/ICVSBContent.pwd
load-verify-scheme:	0
crypto-type:	0
aes-ce-id:	0
aes-enc-key:	cert/key/KCEICV.txt
images-table:	cert/Images.txt
nvcounter-val:	1
cert-pkg:	cert/ICVSBContent.crt
2024-01-30 15:34:30,574 - **** Creating Content Certificate ****
2024-01-30 15:34:30,591 - **** Certificate file (context) creation has been completed successfully ****
2024-01-30 15:34:34,301 - Content Certificate Generation Utility started (Logging to sb_content_cert.log)
2024-01-30 15:34:34,301 - Parsing config file: cert\cfg\ICVSBContent.cfg
2024-01-30 15:34:34,301 - Parsed config items:
cert-keypair:	cert/key/ICVSBContent.pem
cert-keypair-pwd:	cert/key/ICVSBContent.pwd
load-verify-scheme:	0
crypto-type:	0
aes-ce-id:	0
aes-enc-key:	cert/key/KCEICV.txt
images-table:	cert/Images.txt
nvcounter-val:	1
cert-pkg:	cert/ICVSBContent.crt
2024-01-30 15:34:34,302 - **** Creating Content Certificate ****
2024-01-30 15:34:34,316 - **** Certificate file (context) creation has been completed successfully ****
2024-02-05 16:47:32,129 - Content Certificate Generation Utility started (Logging to sb_content_cert.log)
2024-02-05 16:47:32,138 - Parsing config file: cert\cfg\ICVSBContent.cfg
2024-02-05 16:47:32,142 - Parsed config items:
cert-keypair:	cert/key/ICVSBContent.pem
cert-keypair-pwd:	cert/key/ICVSBContent.pwd
load-verify-scheme:	0
crypto-type:	0
aes-ce-id:	0
aes-enc-key:	cert/key/KCEICV.txt
images-table:	cert/Images.txt
nvcounter-val:	1
cert-pkg:	cert/ICVSBContent.crt
2024-02-05 16:47:32,142 - **** Creating Content Certificate ****
2024-02-05 16:47:32,194 - **** Certificate file (context) creation has been completed successfully ****
2024-02-05 16:47:34,415 - Content Certificate Generation Utility started (Logging to sb_content_cert.log)
2024-02-05 16:47:34,415 - Parsing config file: cert\cfg\ICVSBContent.cfg
2024-02-05 16:47:34,420 - Parsed config items:
cert-keypair:	cert/key/ICVSBContent.pem
cert-keypair-pwd:	cert/key/ICVSBContent.pwd
load-verify-scheme:	0
crypto-type:	0
aes-ce-id:	0
aes-enc-key:	cert/key/KCEICV.txt
images-table:	cert/Images.txt
nvcounter-val:	1
cert-pkg:	cert/ICVSBContent.crt
2024-02-05 16:47:34,421 - **** Creating Content Certificate ****
2024-02-05 16:47:34,454 - **** Certificate file (context) creation has been completed successfully ****
2024-02-05 16:47:37,481 - Content Certificate Generation Utility started (Logging to sb_content_cert.log)
2024-02-05 16:47:37,481 - Parsing config file: cert\cfg\ICVSBContent.cfg
2024-02-05 16:47:37,482 - Parsed config items:
cert-keypair:	cert/key/ICVSBContent.pem
cert-keypair-pwd:	cert/key/ICVSBContent.pwd
load-verify-scheme:	0
crypto-type:	0
aes-ce-id:	0
aes-enc-key:	cert/key/KCEICV.txt
images-table:	cert/Images.txt
nvcounter-val:	1
cert-pkg:	cert/ICVSBContent.crt
2024-02-05 16:47:37,482 - **** Creating Content Certificate ****
2024-02-05 16:47:37,503 - **** Certificate file (context) creation has been completed successfully ****
2024-02-05 16:47:39,832 - Content Certificate Generation Utility started (Logging to sb_content_cert.log)
2024-02-05 16:47:39,833 - Parsing config file: cert\cfg\ICVSBContent.cfg
2024-02-05 16:47:39,834 - Parsed config items:
cert-keypair:	cert/key/ICVSBContent.pem
cert-keypair-pwd:	cert/key/ICVSBContent.pwd
load-verify-scheme:	0
crypto-type:	0
aes-ce-id:	0
aes-enc-key:	cert/key/KCEICV.txt
images-table:	cert/Images.txt
nvcounter-val:	1
cert-pkg:	cert/ICVSBContent.crt
2024-02-05 16:47:39,834 - **** Creating Content Certificate ****
2024-02-05 16:47:39,855 - **** Certificate file (context) creation has been completed successfully ****
2024-02-05 16:47:42,169 - Content Certificate Generation Utility started (Logging to sb_content_cert.log)
2024-02-05 16:47:42,169 - Parsing config file: cert\cfg\ICVSBContent.cfg
2024-02-05 16:47:42,170 - Parsed config items:
cert-keypair:	cert/key/ICVSBContent.pem
cert-keypair-pwd:	cert/key/ICVSBContent.pwd
load-verify-scheme:	0
crypto-type:	0
aes-ce-id:	0
aes-enc-key:	cert/key/KCEICV.txt
images-table:	cert/Images.txt
nvcounter-val:	1
cert-pkg:	cert/ICVSBContent.crt
2024-02-05 16:47:42,171 - **** Creating Content Certificate ****
2024-02-05 16:47:42,199 - **** Certificate file (context) creation has been completed successfully ****
2024-02-05 16:47:48,212 - Content Certificate Generation Utility started (Logging to sb_content_cert.log)
2024-02-05 16:47:48,212 - Parsing config file: cert\cfg\ICVSBContent.cfg
2024-02-05 16:47:48,213 - Parsed config items:
cert-keypair:	cert/key/ICVSBContent.pem
cert-keypair-pwd:	cert/key/ICVSBContent.pwd
load-verify-scheme:	0
crypto-type:	0
aes-ce-id:	0
aes-enc-key:	cert/key/KCEICV.txt
images-table:	cert/Images.txt
nvcounter-val:	1
cert-pkg:	cert/ICVSBContent.crt
2024-02-05 16:47:48,214 - **** Creating Content Certificate ****
2024-02-05 16:47:48,238 - **** Certificate file (context) creation has been completed successfully ****
2024-02-05 17:18:52,474 - Content Certificate Generation Utility started (Logging to sb_content_cert.log)
2024-02-05 17:18:52,479 - Parsing config file: cert\cfg\ICVSBContent.cfg
2024-02-05 17:18:52,487 - Parsed config items:
cert-keypair:	cert/key/ICVSBContent.pem
cert-keypair-pwd:	cert/key/ICVSBContent.pwd
load-verify-scheme:	0
crypto-type:	0
aes-ce-id:	0
aes-enc-key:	cert/key/KCEICV.txt
images-table:	cert/Images.txt
nvcounter-val:	1
cert-pkg:	cert/ICVSBContent.crt
2024-02-05 17:18:52,488 - **** Creating Content Certificate ****
2024-02-05 17:18:52,527 - **** Certificate file (context) creation has been completed successfully ****
2024-02-05 17:18:54,838 - Content Certificate Generation Utility started (Logging to sb_content_cert.log)
2024-02-05 17:18:54,839 - Parsing config file: cert\cfg\ICVSBContent.cfg
2024-02-05 17:18:54,840 - Parsed config items:
cert-keypair:	cert/key/ICVSBContent.pem
cert-keypair-pwd:	cert/key/ICVSBContent.pwd
load-verify-scheme:	0
crypto-type:	0
aes-ce-id:	0
aes-enc-key:	cert/key/KCEICV.txt
images-table:	cert/Images.txt
nvcounter-val:	1
cert-pkg:	cert/ICVSBContent.crt
2024-02-05 17:18:54,840 - **** Creating Content Certificate ****
2024-02-05 17:18:54,862 - **** Certificate file (context) creation has been completed successfully ****
2024-02-05 17:18:57,587 - Content Certificate Generation Utility started (Logging to sb_content_cert.log)
2024-02-05 17:18:57,588 - Parsing config file: cert\cfg\ICVSBContent.cfg
2024-02-05 17:18:57,589 - Parsed config items:
cert-keypair:	cert/key/ICVSBContent.pem
cert-keypair-pwd:	cert/key/ICVSBContent.pwd
load-verify-scheme:	0
crypto-type:	0
aes-ce-id:	0
aes-enc-key:	cert/key/KCEICV.txt
images-table:	cert/Images.txt
nvcounter-val:	1
cert-pkg:	cert/ICVSBContent.crt
2024-02-05 17:18:57,590 - **** Creating Content Certificate ****
2024-02-05 17:18:57,611 - **** Certificate file (context) creation has been completed successfully ****
2024-02-05 17:18:59,796 - Content Certificate Generation Utility started (Logging to sb_content_cert.log)
2024-02-05 17:18:59,796 - Parsing config file: cert\cfg\ICVSBContent.cfg
2024-02-05 17:18:59,798 - Parsed config items:
cert-keypair:	cert/key/ICVSBContent.pem
cert-keypair-pwd:	cert/key/ICVSBContent.pwd
load-verify-scheme:	0
crypto-type:	0
aes-ce-id:	0
aes-enc-key:	cert/key/KCEICV.txt
images-table:	cert/Images.txt
nvcounter-val:	1
cert-pkg:	cert/ICVSBContent.crt
2024-02-05 17:18:59,799 - **** Creating Content Certificate ****
2024-02-05 17:18:59,818 - **** Certificate file (context) creation has been completed successfully ****
2024-02-05 17:19:01,475 - Content Certificate Generation Utility started (Logging to sb_content_cert.log)
2024-02-05 17:19:01,476 - Parsing config file: cert\cfg\ICVSBContent.cfg
2024-02-05 17:19:01,476 - Parsed config items:
cert-keypair:	cert/key/ICVSBContent.pem
cert-keypair-pwd:	cert/key/ICVSBContent.pwd
load-verify-scheme:	0
crypto-type:	0
aes-ce-id:	0
aes-enc-key:	cert/key/KCEICV.txt
images-table:	cert/Images.txt
nvcounter-val:	1
cert-pkg:	cert/ICVSBContent.crt
2024-02-05 17:19:01,477 - **** Creating Content Certificate ****
2024-02-05 17:19:01,497 - **** Certificate file (context) creation has been completed successfully ****
2024-02-05 17:19:05,483 - Content Certificate Generation Utility started (Logging to sb_content_cert.log)
2024-02-05 17:19:05,483 - Parsing config file: cert\cfg\ICVSBContent.cfg
2024-02-05 17:19:05,483 - Parsed config items:
cert-keypair:	cert/key/ICVSBContent.pem
cert-keypair-pwd:	cert/key/ICVSBContent.pwd
load-verify-scheme:	0
crypto-type:	0
aes-ce-id:	0
aes-enc-key:	cert/key/KCEICV.txt
images-table:	cert/Images.txt
nvcounter-val:	1
cert-pkg:	cert/ICVSBContent.crt
2024-02-05 17:19:05,484 - **** Creating Content Certificate ****
2024-02-05 17:19:05,499 - **** Certificate file (context) creation has been completed successfully ****
2024-02-05 17:32:40,008 - Content Certificate Generation Utility started (Logging to sb_content_cert.log)
2024-02-05 17:32:40,023 - Parsing config file: cert\cfg\ICVSBContent.cfg
2024-02-05 17:32:40,024 - Parsed config items:
cert-keypair:	cert/key/ICVSBContent.pem
cert-keypair-pwd:	cert/key/ICVSBContent.pwd
load-verify-scheme:	0
crypto-type:	0
aes-ce-id:	0
aes-enc-key:	cert/key/KCEICV.txt
images-table:	cert/Images.txt
nvcounter-val:	1
cert-pkg:	cert/ICVSBContent.crt
2024-02-05 17:32:40,024 - **** Creating Content Certificate ****
2024-02-05 17:32:40,131 - **** Certificate file (context) creation has been completed successfully ****
2024-02-05 17:32:42,457 - Content Certificate Generation Utility started (Logging to sb_content_cert.log)
2024-02-05 17:32:42,458 - Parsing config file: cert\cfg\ICVSBContent.cfg
2024-02-05 17:32:42,459 - Parsed config items:
cert-keypair:	cert/key/ICVSBContent.pem
cert-keypair-pwd:	cert/key/ICVSBContent.pwd
load-verify-scheme:	0
crypto-type:	0
aes-ce-id:	0
aes-enc-key:	cert/key/KCEICV.txt
images-table:	cert/Images.txt
nvcounter-val:	1
cert-pkg:	cert/ICVSBContent.crt
2024-02-05 17:32:42,459 - **** Creating Content Certificate ****
2024-02-05 17:32:42,498 - **** Certificate file (context) creation has been completed successfully ****
2024-02-05 17:32:45,384 - Content Certificate Generation Utility started (Logging to sb_content_cert.log)
2024-02-05 17:32:45,385 - Parsing config file: cert\cfg\ICVSBContent.cfg
2024-02-05 17:32:45,386 - Parsed config items:
cert-keypair:	cert/key/ICVSBContent.pem
cert-keypair-pwd:	cert/key/ICVSBContent.pwd
load-verify-scheme:	0
crypto-type:	0
aes-ce-id:	0
aes-enc-key:	cert/key/KCEICV.txt
images-table:	cert/Images.txt
nvcounter-val:	1
cert-pkg:	cert/ICVSBContent.crt
2024-02-05 17:32:45,386 - **** Creating Content Certificate ****
2024-02-05 17:32:45,406 - **** Certificate file (context) creation has been completed successfully ****
2024-02-05 17:32:47,746 - Content Certificate Generation Utility started (Logging to sb_content_cert.log)
2024-02-05 17:32:47,746 - Parsing config file: cert\cfg\ICVSBContent.cfg
2024-02-05 17:32:47,747 - Parsed config items:
cert-keypair:	cert/key/ICVSBContent.pem
cert-keypair-pwd:	cert/key/ICVSBContent.pwd
load-verify-scheme:	0
crypto-type:	0
aes-ce-id:	0
aes-enc-key:	cert/key/KCEICV.txt
images-table:	cert/Images.txt
nvcounter-val:	1
cert-pkg:	cert/ICVSBContent.crt
2024-02-05 17:32:47,747 - **** Creating Content Certificate ****
2024-02-05 17:32:47,769 - **** Certificate file (context) creation has been completed successfully ****
2024-02-05 17:32:50,099 - Content Certificate Generation Utility started (Logging to sb_content_cert.log)
2024-02-05 17:32:50,100 - Parsing config file: cert\cfg\ICVSBContent.cfg
2024-02-05 17:32:50,100 - Parsed config items:
cert-keypair:	cert/key/ICVSBContent.pem
cert-keypair-pwd:	cert/key/ICVSBContent.pwd
load-verify-scheme:	0
crypto-type:	0
aes-ce-id:	0
aes-enc-key:	cert/key/KCEICV.txt
images-table:	cert/Images.txt
nvcounter-val:	1
cert-pkg:	cert/ICVSBContent.crt
2024-02-05 17:32:50,101 - **** Creating Content Certificate ****
2024-02-05 17:32:50,133 - **** Certificate file (context) creation has been completed successfully ****
2024-02-05 17:32:53,620 - Content Certificate Generation Utility started (Logging to sb_content_cert.log)
2024-02-05 17:32:53,620 - Parsing config file: cert\cfg\ICVSBContent.cfg
2024-02-05 17:32:53,621 - Parsed config items:
cert-keypair:	cert/key/ICVSBContent.pem
cert-keypair-pwd:	cert/key/ICVSBContent.pwd
load-verify-scheme:	0
crypto-type:	0
aes-ce-id:	0
aes-enc-key:	cert/key/KCEICV.txt
images-table:	cert/Images.txt
nvcounter-val:	1
cert-pkg:	cert/ICVSBContent.crt
2024-02-05 17:32:53,622 - **** Creating Content Certificate ****
2024-02-05 17:32:53,644 - **** Certificate file (context) creation has been completed successfully ****
2024-02-05 17:55:08,675 - Content Certificate Generation Utility started (Logging to sb_content_cert.log)
2024-02-05 17:55:08,676 - Parsing config file: cert\cfg\ICVSBContent.cfg
2024-02-05 17:55:08,687 - Parsed config items:
cert-keypair:	cert/key/ICVSBContent.pem
cert-keypair-pwd:	cert/key/ICVSBContent.pwd
load-verify-scheme:	0
crypto-type:	0
aes-ce-id:	0
aes-enc-key:	cert/key/KCEICV.txt
images-table:	cert/Images.txt
nvcounter-val:	1
cert-pkg:	cert/ICVSBContent.crt
2024-02-05 17:55:08,687 - **** Creating Content Certificate ****
2024-02-05 17:55:08,728 - **** Certificate file (context) creation has been completed successfully ****
2024-02-05 17:55:11,689 - Content Certificate Generation Utility started (Logging to sb_content_cert.log)
2024-02-05 17:55:11,689 - Parsing config file: cert\cfg\ICVSBContent.cfg
2024-02-05 17:55:11,690 - Parsed config items:
cert-keypair:	cert/key/ICVSBContent.pem
cert-keypair-pwd:	cert/key/ICVSBContent.pwd
load-verify-scheme:	0
crypto-type:	0
aes-ce-id:	0
aes-enc-key:	cert/key/KCEICV.txt
images-table:	cert/Images.txt
nvcounter-val:	1
cert-pkg:	cert/ICVSBContent.crt
2024-02-05 17:55:11,691 - **** Creating Content Certificate ****
2024-02-05 17:55:11,731 - **** Certificate file (context) creation has been completed successfully ****
2024-02-05 17:55:15,948 - Content Certificate Generation Utility started (Logging to sb_content_cert.log)
2024-02-05 17:55:15,949 - Parsing config file: cert\cfg\ICVSBContent.cfg
2024-02-05 17:55:15,950 - Parsed config items:
cert-keypair:	cert/key/ICVSBContent.pem
cert-keypair-pwd:	cert/key/ICVSBContent.pwd
load-verify-scheme:	0
crypto-type:	0
aes-ce-id:	0
aes-enc-key:	cert/key/KCEICV.txt
images-table:	cert/Images.txt
nvcounter-val:	1
cert-pkg:	cert/ICVSBContent.crt
2024-02-05 17:55:15,951 - **** Creating Content Certificate ****
2024-02-05 17:55:15,976 - **** Certificate file (context) creation has been completed successfully ****
2024-02-05 17:55:18,312 - Content Certificate Generation Utility started (Logging to sb_content_cert.log)
2024-02-05 17:55:18,312 - Parsing config file: cert\cfg\ICVSBContent.cfg
2024-02-05 17:55:18,313 - Parsed config items:
cert-keypair:	cert/key/ICVSBContent.pem
cert-keypair-pwd:	cert/key/ICVSBContent.pwd
load-verify-scheme:	0
crypto-type:	0
aes-ce-id:	0
aes-enc-key:	cert/key/KCEICV.txt
images-table:	cert/Images.txt
nvcounter-val:	1
cert-pkg:	cert/ICVSBContent.crt
2024-02-05 17:55:18,313 - **** Creating Content Certificate ****
2024-02-05 17:55:18,334 - **** Certificate file (context) creation has been completed successfully ****
2024-02-05 17:55:20,722 - Content Certificate Generation Utility started (Logging to sb_content_cert.log)
2024-02-05 17:55:20,723 - Parsing config file: cert\cfg\ICVSBContent.cfg
2024-02-05 17:55:20,723 - Parsed config items:
cert-keypair:	cert/key/ICVSBContent.pem
cert-keypair-pwd:	cert/key/ICVSBContent.pwd
load-verify-scheme:	0
crypto-type:	0
aes-ce-id:	0
aes-enc-key:	cert/key/KCEICV.txt
images-table:	cert/Images.txt
nvcounter-val:	1
cert-pkg:	cert/ICVSBContent.crt
2024-02-05 17:55:20,724 - **** Creating Content Certificate ****
2024-02-05 17:55:20,750 - **** Certificate file (context) creation has been completed successfully ****
2024-02-05 17:55:23,857 - Content Certificate Generation Utility started (Logging to sb_content_cert.log)
2024-02-05 17:55:23,857 - Parsing config file: cert\cfg\ICVSBContent.cfg
2024-02-05 17:55:23,858 - Parsed config items:
cert-keypair:	cert/key/ICVSBContent.pem
cert-keypair-pwd:	cert/key/ICVSBContent.pwd
load-verify-scheme:	0
crypto-type:	0
aes-ce-id:	0
aes-enc-key:	cert/key/KCEICV.txt
images-table:	cert/Images.txt
nvcounter-val:	1
cert-pkg:	cert/ICVSBContent.crt
2024-02-05 17:55:23,859 - **** Creating Content Certificate ****
2024-02-05 17:55:23,876 - **** Certificate file (context) creation has been completed successfully ****
2024-02-05 18:01:57,177 - Content Certificate Generation Utility started (Logging to sb_content_cert.log)
2024-02-05 18:01:57,178 - Parsing config file: cert\cfg\ICVSBContent.cfg
2024-02-05 18:01:57,188 - Parsed config items:
cert-keypair:	cert/key/ICVSBContent.pem
cert-keypair-pwd:	cert/key/ICVSBContent.pwd
load-verify-scheme:	0
crypto-type:	0
aes-ce-id:	0
aes-enc-key:	cert/key/KCEICV.txt
images-table:	cert/Images.txt
nvcounter-val:	1
cert-pkg:	cert/ICVSBContent.crt
2024-02-05 18:01:57,189 - **** Creating Content Certificate ****
2024-02-05 18:01:57,233 - **** Certificate file (context) creation has been completed successfully ****
2024-02-05 18:01:59,206 - Content Certificate Generation Utility started (Logging to sb_content_cert.log)
2024-02-05 18:01:59,206 - Parsing config file: cert\cfg\ICVSBContent.cfg
2024-02-05 18:01:59,207 - Parsed config items:
cert-keypair:	cert/key/ICVSBContent.pem
cert-keypair-pwd:	cert/key/ICVSBContent.pwd
load-verify-scheme:	0
crypto-type:	0
aes-ce-id:	0
aes-enc-key:	cert/key/KCEICV.txt
images-table:	cert/Images.txt
nvcounter-val:	1
cert-pkg:	cert/ICVSBContent.crt
2024-02-05 18:01:59,207 - **** Creating Content Certificate ****
2024-02-05 18:01:59,233 - **** Certificate file (context) creation has been completed successfully ****
2024-02-05 18:02:01,794 - Content Certificate Generation Utility started (Logging to sb_content_cert.log)
2024-02-05 18:02:01,794 - Parsing config file: cert\cfg\ICVSBContent.cfg
2024-02-05 18:02:01,795 - Parsed config items:
cert-keypair:	cert/key/ICVSBContent.pem
cert-keypair-pwd:	cert/key/ICVSBContent.pwd
load-verify-scheme:	0
crypto-type:	0
aes-ce-id:	0
aes-enc-key:	cert/key/KCEICV.txt
images-table:	cert/Images.txt
nvcounter-val:	1
cert-pkg:	cert/ICVSBContent.crt
2024-02-05 18:02:01,795 - **** Creating Content Certificate ****
2024-02-05 18:02:01,816 - **** Certificate file (context) creation has been completed successfully ****
2024-02-05 18:02:03,739 - Content Certificate Generation Utility started (Logging to sb_content_cert.log)
2024-02-05 18:02:03,739 - Parsing config file: cert\cfg\ICVSBContent.cfg
2024-02-05 18:02:03,740 - Parsed config items:
cert-keypair:	cert/key/ICVSBContent.pem
cert-keypair-pwd:	cert/key/ICVSBContent.pwd
load-verify-scheme:	0
crypto-type:	0
aes-ce-id:	0
aes-enc-key:	cert/key/KCEICV.txt
images-table:	cert/Images.txt
nvcounter-val:	1
cert-pkg:	cert/ICVSBContent.crt
2024-02-05 18:02:03,741 - **** Creating Content Certificate ****
2024-02-05 18:02:03,759 - **** Certificate file (context) creation has been completed successfully ****
2024-02-05 18:02:05,781 - Content Certificate Generation Utility started (Logging to sb_content_cert.log)
2024-02-05 18:02:05,781 - Parsing config file: cert\cfg\ICVSBContent.cfg
2024-02-05 18:02:05,782 - Parsed config items:
cert-keypair:	cert/key/ICVSBContent.pem
cert-keypair-pwd:	cert/key/ICVSBContent.pwd
load-verify-scheme:	0
crypto-type:	0
aes-ce-id:	0
aes-enc-key:	cert/key/KCEICV.txt
images-table:	cert/Images.txt
nvcounter-val:	1
cert-pkg:	cert/ICVSBContent.crt
2024-02-05 18:02:05,782 - **** Creating Content Certificate ****
2024-02-05 18:02:05,812 - **** Certificate file (context) creation has been completed successfully ****
2024-02-05 18:02:08,675 - Content Certificate Generation Utility started (Logging to sb_content_cert.log)
2024-02-05 18:02:08,675 - Parsing config file: cert\cfg\ICVSBContent.cfg
2024-02-05 18:02:08,676 - Parsed config items:
cert-keypair:	cert/key/ICVSBContent.pem
cert-keypair-pwd:	cert/key/ICVSBContent.pwd
load-verify-scheme:	0
crypto-type:	0
aes-ce-id:	0
aes-enc-key:	cert/key/KCEICV.txt
images-table:	cert/Images.txt
nvcounter-val:	1
cert-pkg:	cert/ICVSBContent.crt
2024-02-05 18:02:08,676 - **** Creating Content Certificate ****
2024-02-05 18:02:08,694 - **** Certificate file (context) creation has been completed successfully ****
2024-02-05 18:04:51,594 - Content Certificate Generation Utility started (Logging to sb_content_cert.log)
2024-02-05 18:04:51,595 - Parsing config file: cert\cfg\ICVSBContent.cfg
2024-02-05 18:04:51,596 - Parsed config items:
cert-keypair:	cert/key/ICVSBContent.pem
cert-keypair-pwd:	cert/key/ICVSBContent.pwd
load-verify-scheme:	0
crypto-type:	0
aes-ce-id:	0
aes-enc-key:	cert/key/KCEICV.txt
images-table:	cert/Images.txt
nvcounter-val:	1
cert-pkg:	cert/ICVSBContent.crt
2024-02-05 18:04:51,596 - **** Creating Content Certificate ****
2024-02-05 18:04:51,617 - **** Certificate file (context) creation has been completed successfully ****
2024-02-05 18:04:54,013 - Content Certificate Generation Utility started (Logging to sb_content_cert.log)
2024-02-05 18:04:54,013 - Parsing config file: cert\cfg\ICVSBContent.cfg
2024-02-05 18:04:54,014 - Parsed config items:
cert-keypair:	cert/key/ICVSBContent.pem
cert-keypair-pwd:	cert/key/ICVSBContent.pwd
load-verify-scheme:	0
crypto-type:	0
aes-ce-id:	0
aes-enc-key:	cert/key/KCEICV.txt
images-table:	cert/Images.txt
nvcounter-val:	1
cert-pkg:	cert/ICVSBContent.crt
2024-02-05 18:04:54,015 - **** Creating Content Certificate ****
2024-02-05 18:04:54,035 - **** Certificate file (context) creation has been completed successfully ****
2024-02-05 18:04:56,447 - Content Certificate Generation Utility started (Logging to sb_content_cert.log)
2024-02-05 18:04:56,447 - Parsing config file: cert\cfg\ICVSBContent.cfg
2024-02-05 18:04:56,448 - Parsed config items:
cert-keypair:	cert/key/ICVSBContent.pem
cert-keypair-pwd:	cert/key/ICVSBContent.pwd
load-verify-scheme:	0
crypto-type:	0
aes-ce-id:	0
aes-enc-key:	cert/key/KCEICV.txt
images-table:	cert/Images.txt
nvcounter-val:	1
cert-pkg:	cert/ICVSBContent.crt
2024-02-05 18:04:56,451 - **** Creating Content Certificate ****
2024-02-05 18:04:56,477 - **** Certificate file (context) creation has been completed successfully ****
2024-02-05 18:04:58,733 - Content Certificate Generation Utility started (Logging to sb_content_cert.log)
2024-02-05 18:04:58,734 - Parsing config file: cert\cfg\ICVSBContent.cfg
2024-02-05 18:04:58,734 - Parsed config items:
cert-keypair:	cert/key/ICVSBContent.pem
cert-keypair-pwd:	cert/key/ICVSBContent.pwd
load-verify-scheme:	0
crypto-type:	0
aes-ce-id:	0
aes-enc-key:	cert/key/KCEICV.txt
images-table:	cert/Images.txt
nvcounter-val:	1
cert-pkg:	cert/ICVSBContent.crt
2024-02-05 18:04:58,735 - **** Creating Content Certificate ****
2024-02-05 18:04:58,758 - **** Certificate file (context) creation has been completed successfully ****
2024-02-05 18:05:00,976 - Content Certificate Generation Utility started (Logging to sb_content_cert.log)
2024-02-05 18:05:00,976 - Parsing config file: cert\cfg\ICVSBContent.cfg
2024-02-05 18:05:00,977 - Parsed config items:
cert-keypair:	cert/key/ICVSBContent.pem
cert-keypair-pwd:	cert/key/ICVSBContent.pwd
load-verify-scheme:	0
crypto-type:	0
aes-ce-id:	0
aes-enc-key:	cert/key/KCEICV.txt
images-table:	cert/Images.txt
nvcounter-val:	1
cert-pkg:	cert/ICVSBContent.crt
2024-02-05 18:05:00,978 - **** Creating Content Certificate ****
2024-02-05 18:05:00,997 - **** Certificate file (context) creation has been completed successfully ****
2024-02-05 18:05:04,131 - Content Certificate Generation Utility started (Logging to sb_content_cert.log)
2024-02-05 18:05:04,131 - Parsing config file: cert\cfg\ICVSBContent.cfg
2024-02-05 18:05:04,132 - Parsed config items:
cert-keypair:	cert/key/ICVSBContent.pem
cert-keypair-pwd:	cert/key/ICVSBContent.pwd
load-verify-scheme:	0
crypto-type:	0
aes-ce-id:	0
aes-enc-key:	cert/key/KCEICV.txt
images-table:	cert/Images.txt
nvcounter-val:	1
cert-pkg:	cert/ICVSBContent.crt
2024-02-05 18:05:04,132 - **** Creating Content Certificate ****
2024-02-05 18:05:04,150 - **** Certificate file (context) creation has been completed successfully ****
2024-02-05 18:08:28,596 - Content Certificate Generation Utility started (Logging to sb_content_cert.log)
2024-02-05 18:08:28,597 - Parsing config file: cert\cfg\ICVSBContent.cfg
2024-02-05 18:08:28,609 - Parsed config items:
cert-keypair:	cert/key/ICVSBContent.pem
cert-keypair-pwd:	cert/key/ICVSBContent.pwd
load-verify-scheme:	0
crypto-type:	0
aes-ce-id:	0
aes-enc-key:	cert/key/KCEICV.txt
images-table:	cert/Images.txt
nvcounter-val:	1
cert-pkg:	cert/ICVSBContent.crt
2024-02-05 18:08:28,610 - **** Creating Content Certificate ****
2024-02-05 18:08:28,651 - **** Certificate file (context) creation has been completed successfully ****
2024-02-05 18:08:31,506 - Content Certificate Generation Utility started (Logging to sb_content_cert.log)
2024-02-05 18:08:31,506 - Parsing config file: cert\cfg\ICVSBContent.cfg
2024-02-05 18:08:31,507 - Parsed config items:
cert-keypair:	cert/key/ICVSBContent.pem
cert-keypair-pwd:	cert/key/ICVSBContent.pwd
load-verify-scheme:	0
crypto-type:	0
aes-ce-id:	0
aes-enc-key:	cert/key/KCEICV.txt
images-table:	cert/Images.txt
nvcounter-val:	1
cert-pkg:	cert/ICVSBContent.crt
2024-02-05 18:08:31,508 - **** Creating Content Certificate ****
2024-02-05 18:08:31,532 - **** Certificate file (context) creation has been completed successfully ****
2024-02-05 18:08:34,677 - Content Certificate Generation Utility started (Logging to sb_content_cert.log)
2024-02-05 18:08:34,678 - Parsing config file: cert\cfg\ICVSBContent.cfg
2024-02-05 18:08:34,679 - Parsed config items:
cert-keypair:	cert/key/ICVSBContent.pem
cert-keypair-pwd:	cert/key/ICVSBContent.pwd
load-verify-scheme:	0
crypto-type:	0
aes-ce-id:	0
aes-enc-key:	cert/key/KCEICV.txt
images-table:	cert/Images.txt
nvcounter-val:	1
cert-pkg:	cert/ICVSBContent.crt
2024-02-05 18:08:34,679 - **** Creating Content Certificate ****
2024-02-05 18:08:34,705 - **** Certificate file (context) creation has been completed successfully ****
2024-02-05 18:08:37,239 - Content Certificate Generation Utility started (Logging to sb_content_cert.log)
2024-02-05 18:08:37,240 - Parsing config file: cert\cfg\ICVSBContent.cfg
2024-02-05 18:08:37,241 - Parsed config items:
cert-keypair:	cert/key/ICVSBContent.pem
cert-keypair-pwd:	cert/key/ICVSBContent.pwd
load-verify-scheme:	0
crypto-type:	0
aes-ce-id:	0
aes-enc-key:	cert/key/KCEICV.txt
images-table:	cert/Images.txt
nvcounter-val:	1
cert-pkg:	cert/ICVSBContent.crt
2024-02-05 18:08:37,241 - **** Creating Content Certificate ****
2024-02-05 18:08:37,264 - **** Certificate file (context) creation has been completed successfully ****
2024-02-05 18:08:40,111 - Content Certificate Generation Utility started (Logging to sb_content_cert.log)
2024-02-05 18:08:40,112 - Parsing config file: cert\cfg\ICVSBContent.cfg
2024-02-05 18:08:40,113 - Parsed config items:
cert-keypair:	cert/key/ICVSBContent.pem
cert-keypair-pwd:	cert/key/ICVSBContent.pwd
load-verify-scheme:	0
crypto-type:	0
aes-ce-id:	0
aes-enc-key:	cert/key/KCEICV.txt
images-table:	cert/Images.txt
nvcounter-val:	1
cert-pkg:	cert/ICVSBContent.crt
2024-02-05 18:08:40,113 - **** Creating Content Certificate ****
2024-02-05 18:08:40,143 - **** Certificate file (context) creation has been completed successfully ****
2024-02-05 18:08:43,860 - Content Certificate Generation Utility started (Logging to sb_content_cert.log)
2024-02-05 18:08:43,860 - Parsing config file: cert\cfg\ICVSBContent.cfg
2024-02-05 18:08:43,861 - Parsed config items:
cert-keypair:	cert/key/ICVSBContent.pem
cert-keypair-pwd:	cert/key/ICVSBContent.pwd
load-verify-scheme:	0
crypto-type:	0
aes-ce-id:	0
aes-enc-key:	cert/key/KCEICV.txt
images-table:	cert/Images.txt
nvcounter-val:	1
cert-pkg:	cert/ICVSBContent.crt
2024-02-05 18:08:43,862 - **** Creating Content Certificate ****
2024-02-05 18:08:43,882 - **** Certificate file (context) creation has been completed successfully ****
2024-02-05 18:13:27,355 - Content Certificate Generation Utility started (Logging to sb_content_cert.log)
2024-02-05 18:13:27,356 - Parsing config file: cert\cfg\ICVSBContent.cfg
2024-02-05 18:13:27,369 - Parsed config items:
cert-keypair:	cert/key/ICVSBContent.pem
cert-keypair-pwd:	cert/key/ICVSBContent.pwd
load-verify-scheme:	0
crypto-type:	0
aes-ce-id:	0
aes-enc-key:	cert/key/KCEICV.txt
images-table:	cert/Images.txt
nvcounter-val:	1
cert-pkg:	cert/ICVSBContent.crt
2024-02-05 18:13:27,370 - **** Creating Content Certificate ****
2024-02-05 18:13:27,412 - **** Certificate file (context) creation has been completed successfully ****
2024-02-05 18:13:31,532 - Content Certificate Generation Utility started (Logging to sb_content_cert.log)
2024-02-05 18:13:31,532 - Parsing config file: cert\cfg\ICVSBContent.cfg
2024-02-05 18:13:31,533 - Parsed config items:
cert-keypair:	cert/key/ICVSBContent.pem
cert-keypair-pwd:	cert/key/ICVSBContent.pwd
load-verify-scheme:	0
crypto-type:	0
aes-ce-id:	0
aes-enc-key:	cert/key/KCEICV.txt
images-table:	cert/Images.txt
nvcounter-val:	1
cert-pkg:	cert/ICVSBContent.crt
2024-02-05 18:13:31,534 - **** Creating Content Certificate ****
2024-02-05 18:13:31,560 - **** Certificate file (context) creation has been completed successfully ****
2024-02-05 18:13:34,824 - Content Certificate Generation Utility started (Logging to sb_content_cert.log)
2024-02-05 18:13:34,825 - Parsing config file: cert\cfg\ICVSBContent.cfg
2024-02-05 18:13:34,826 - Parsed config items:
cert-keypair:	cert/key/ICVSBContent.pem
cert-keypair-pwd:	cert/key/ICVSBContent.pwd
load-verify-scheme:	0
crypto-type:	0
aes-ce-id:	0
aes-enc-key:	cert/key/KCEICV.txt
images-table:	cert/Images.txt
nvcounter-val:	1
cert-pkg:	cert/ICVSBContent.crt
2024-02-05 18:13:34,826 - **** Creating Content Certificate ****
2024-02-05 18:13:34,849 - **** Certificate file (context) creation has been completed successfully ****
2024-02-05 18:13:37,386 - Content Certificate Generation Utility started (Logging to sb_content_cert.log)
2024-02-05 18:13:37,386 - Parsing config file: cert\cfg\ICVSBContent.cfg
2024-02-05 18:13:37,399 - Parsed config items:
cert-keypair:	cert/key/ICVSBContent.pem
cert-keypair-pwd:	cert/key/ICVSBContent.pwd
load-verify-scheme:	0
crypto-type:	0
aes-ce-id:	0
aes-enc-key:	cert/key/KCEICV.txt
images-table:	cert/Images.txt
nvcounter-val:	1
cert-pkg:	cert/ICVSBContent.crt
2024-02-05 18:13:37,400 - **** Creating Content Certificate ****
2024-02-05 18:13:37,466 - **** Certificate file (context) creation has been completed successfully ****
2024-02-05 18:13:40,053 - Content Certificate Generation Utility started (Logging to sb_content_cert.log)
2024-02-05 18:13:40,054 - Parsing config file: cert\cfg\ICVSBContent.cfg
2024-02-05 18:13:40,054 - Parsed config items:
cert-keypair:	cert/key/ICVSBContent.pem
cert-keypair-pwd:	cert/key/ICVSBContent.pwd
load-verify-scheme:	0
crypto-type:	0
aes-ce-id:	0
aes-enc-key:	cert/key/KCEICV.txt
images-table:	cert/Images.txt
nvcounter-val:	1
cert-pkg:	cert/ICVSBContent.crt
2024-02-05 18:13:40,054 - **** Creating Content Certificate ****
2024-02-05 18:13:40,090 - **** Certificate file (context) creation has been completed successfully ****
2024-02-05 18:13:46,285 - Content Certificate Generation Utility started (Logging to sb_content_cert.log)
2024-02-05 18:13:46,286 - Parsing config file: cert\cfg\ICVSBContent.cfg
2024-02-05 18:13:46,287 - Parsed config items:
cert-keypair:	cert/key/ICVSBContent.pem
cert-keypair-pwd:	cert/key/ICVSBContent.pwd
load-verify-scheme:	0
crypto-type:	0
aes-ce-id:	0
aes-enc-key:	cert/key/KCEICV.txt
images-table:	cert/Images.txt
nvcounter-val:	1
cert-pkg:	cert/ICVSBContent.crt
2024-02-05 18:13:46,288 - **** Creating Content Certificate ****
2024-02-05 18:13:46,322 - **** Certificate file (context) creation has been completed successfully ****
2024-02-06 10:02:32,120 - Content Certificate Generation Utility started (Logging to sb_content_cert.log)
2024-02-06 10:02:32,121 - Parsing config file: cert\cfg\ICVSBContent.cfg
2024-02-06 10:02:32,132 - Parsed config items:
cert-keypair:	cert/key/ICVSBContent.pem
cert-keypair-pwd:	cert/key/ICVSBContent.pwd
load-verify-scheme:	0
crypto-type:	0
aes-ce-id:	0
aes-enc-key:	cert/key/KCEICV.txt
images-table:	cert/Images.txt
nvcounter-val:	1
cert-pkg:	cert/ICVSBContent.crt
2024-02-06 10:02:32,132 - **** Creating Content Certificate ****
2024-02-06 10:02:32,168 - **** Certificate file (context) creation has been completed successfully ****
2024-02-06 10:02:34,411 - Content Certificate Generation Utility started (Logging to sb_content_cert.log)
2024-02-06 10:02:34,411 - Parsing config file: cert\cfg\ICVSBContent.cfg
2024-02-06 10:02:34,412 - Parsed config items:
cert-keypair:	cert/key/ICVSBContent.pem
cert-keypair-pwd:	cert/key/ICVSBContent.pwd
load-verify-scheme:	0
crypto-type:	0
aes-ce-id:	0
aes-enc-key:	cert/key/KCEICV.txt
images-table:	cert/Images.txt
nvcounter-val:	1
cert-pkg:	cert/ICVSBContent.crt
2024-02-06 10:02:34,412 - **** Creating Content Certificate ****
2024-02-06 10:02:34,457 - **** Certificate file (context) creation has been completed successfully ****
2024-02-06 10:02:37,341 - Content Certificate Generation Utility started (Logging to sb_content_cert.log)
2024-02-06 10:02:37,341 - Parsing config file: cert\cfg\ICVSBContent.cfg
2024-02-06 10:02:37,342 - Parsed config items:
cert-keypair:	cert/key/ICVSBContent.pem
cert-keypair-pwd:	cert/key/ICVSBContent.pwd
load-verify-scheme:	0
crypto-type:	0
aes-ce-id:	0
aes-enc-key:	cert/key/KCEICV.txt
images-table:	cert/Images.txt
nvcounter-val:	1
cert-pkg:	cert/ICVSBContent.crt
2024-02-06 10:02:37,342 - **** Creating Content Certificate ****
2024-02-06 10:02:37,360 - **** Certificate file (context) creation has been completed successfully ****
2024-02-06 10:02:39,326 - Content Certificate Generation Utility started (Logging to sb_content_cert.log)
2024-02-06 10:02:39,327 - Parsing config file: cert\cfg\ICVSBContent.cfg
2024-02-06 10:02:39,327 - Parsed config items:
cert-keypair:	cert/key/ICVSBContent.pem
cert-keypair-pwd:	cert/key/ICVSBContent.pwd
load-verify-scheme:	0
crypto-type:	0
aes-ce-id:	0
aes-enc-key:	cert/key/KCEICV.txt
images-table:	cert/Images.txt
nvcounter-val:	1
cert-pkg:	cert/ICVSBContent.crt
2024-02-06 10:02:39,328 - **** Creating Content Certificate ****
2024-02-06 10:02:39,345 - **** Certificate file (context) creation has been completed successfully ****
2024-02-06 10:02:41,241 - Content Certificate Generation Utility started (Logging to sb_content_cert.log)
2024-02-06 10:02:41,241 - Parsing config file: cert\cfg\ICVSBContent.cfg
2024-02-06 10:02:41,242 - Parsed config items:
cert-keypair:	cert/key/ICVSBContent.pem
cert-keypair-pwd:	cert/key/ICVSBContent.pwd
load-verify-scheme:	0
crypto-type:	0
aes-ce-id:	0
aes-enc-key:	cert/key/KCEICV.txt
images-table:	cert/Images.txt
nvcounter-val:	1
cert-pkg:	cert/ICVSBContent.crt
2024-02-06 10:02:41,242 - **** Creating Content Certificate ****
2024-02-06 10:02:41,268 - **** Certificate file (context) creation has been completed successfully ****
2024-02-06 10:02:45,501 - Content Certificate Generation Utility started (Logging to sb_content_cert.log)
2024-02-06 10:02:45,502 - Parsing config file: cert\cfg\ICVSBContent.cfg
2024-02-06 10:02:45,502 - Parsed config items:
cert-keypair:	cert/key/ICVSBContent.pem
cert-keypair-pwd:	cert/key/ICVSBContent.pwd
load-verify-scheme:	0
crypto-type:	0
aes-ce-id:	0
aes-enc-key:	cert/key/KCEICV.txt
images-table:	cert/Images.txt
nvcounter-val:	1
cert-pkg:	cert/ICVSBContent.crt
2024-02-06 10:02:45,503 - **** Creating Content Certificate ****
2024-02-06 10:02:45,519 - **** Certificate file (context) creation has been completed successfully ****
2024-02-06 10:21:55,970 - Content Certificate Generation Utility started (Logging to sb_content_cert.log)
2024-02-06 10:21:55,971 - Parsing config file: cert\cfg\ICVSBContent.cfg
2024-02-06 10:21:55,979 - Parsed config items:
cert-keypair:	cert/key/ICVSBContent.pem
cert-keypair-pwd:	cert/key/ICVSBContent.pwd
load-verify-scheme:	0
crypto-type:	0
aes-ce-id:	0
aes-enc-key:	cert/key/KCEICV.txt
images-table:	cert/Images.txt
nvcounter-val:	1
cert-pkg:	cert/ICVSBContent.crt
2024-02-06 10:21:55,979 - **** Creating Content Certificate ****
2024-02-06 10:21:56,012 - **** Certificate file (context) creation has been completed successfully ****
2024-02-06 10:21:57,482 - Content Certificate Generation Utility started (Logging to sb_content_cert.log)
2024-02-06 10:21:57,483 - Parsing config file: cert\cfg\ICVSBContent.cfg
2024-02-06 10:21:57,484 - Parsed config items:
cert-keypair:	cert/key/ICVSBContent.pem
cert-keypair-pwd:	cert/key/ICVSBContent.pwd
load-verify-scheme:	0
crypto-type:	0
aes-ce-id:	0
aes-enc-key:	cert/key/KCEICV.txt
images-table:	cert/Images.txt
nvcounter-val:	1
cert-pkg:	cert/ICVSBContent.crt
2024-02-06 10:21:57,484 - **** Creating Content Certificate ****
2024-02-06 10:21:57,505 - **** Certificate file (context) creation has been completed successfully ****
2024-02-06 10:21:59,573 - Content Certificate Generation Utility started (Logging to sb_content_cert.log)
2024-02-06 10:21:59,573 - Parsing config file: cert\cfg\ICVSBContent.cfg
2024-02-06 10:21:59,574 - Parsed config items:
cert-keypair:	cert/key/ICVSBContent.pem
cert-keypair-pwd:	cert/key/ICVSBContent.pwd
load-verify-scheme:	0
crypto-type:	0
aes-ce-id:	0
aes-enc-key:	cert/key/KCEICV.txt
images-table:	cert/Images.txt
nvcounter-val:	1
cert-pkg:	cert/ICVSBContent.crt
2024-02-06 10:21:59,574 - **** Creating Content Certificate ****
2024-02-06 10:21:59,590 - **** Certificate file (context) creation has been completed successfully ****
2024-02-06 10:22:01,084 - Content Certificate Generation Utility started (Logging to sb_content_cert.log)
2024-02-06 10:22:01,085 - Parsing config file: cert\cfg\ICVSBContent.cfg
2024-02-06 10:22:01,085 - Parsed config items:
cert-keypair:	cert/key/ICVSBContent.pem
cert-keypair-pwd:	cert/key/ICVSBContent.pwd
load-verify-scheme:	0
crypto-type:	0
aes-ce-id:	0
aes-enc-key:	cert/key/KCEICV.txt
images-table:	cert/Images.txt
nvcounter-val:	1
cert-pkg:	cert/ICVSBContent.crt
2024-02-06 10:22:01,085 - **** Creating Content Certificate ****
2024-02-06 10:22:01,100 - **** Certificate file (context) creation has been completed successfully ****
2024-02-06 10:22:02,573 - Content Certificate Generation Utility started (Logging to sb_content_cert.log)
2024-02-06 10:22:02,574 - Parsing config file: cert\cfg\ICVSBContent.cfg
2024-02-06 10:22:02,574 - Parsed config items:
cert-keypair:	cert/key/ICVSBContent.pem
cert-keypair-pwd:	cert/key/ICVSBContent.pwd
load-verify-scheme:	0
crypto-type:	0
aes-ce-id:	0
aes-enc-key:	cert/key/KCEICV.txt
images-table:	cert/Images.txt
nvcounter-val:	1
cert-pkg:	cert/ICVSBContent.crt
2024-02-06 10:22:02,575 - **** Creating Content Certificate ****
2024-02-06 10:22:02,597 - **** Certificate file (context) creation has been completed successfully ****
2024-02-06 10:22:06,392 - Content Certificate Generation Utility started (Logging to sb_content_cert.log)
2024-02-06 10:22:06,393 - Parsing config file: cert\cfg\ICVSBContent.cfg
2024-02-06 10:22:06,393 - Parsed config items:
cert-keypair:	cert/key/ICVSBContent.pem
cert-keypair-pwd:	cert/key/ICVSBContent.pwd
load-verify-scheme:	0
crypto-type:	0
aes-ce-id:	0
aes-enc-key:	cert/key/KCEICV.txt
images-table:	cert/Images.txt
nvcounter-val:	1
cert-pkg:	cert/ICVSBContent.crt
2024-02-06 10:22:06,393 - **** Creating Content Certificate ****
2024-02-06 10:22:06,408 - **** Certificate file (context) creation has been completed successfully ****
2024-02-06 11:12:09,170 - Content Certificate Generation Utility started (Logging to sb_content_cert.log)
2024-02-06 11:12:09,171 - Parsing config file: cert\cfg\ICVSBContent.cfg
2024-02-06 11:12:09,184 - Parsed config items:
cert-keypair:	cert/key/ICVSBContent.pem
cert-keypair-pwd:	cert/key/ICVSBContent.pwd
load-verify-scheme:	0
crypto-type:	0
aes-ce-id:	0
aes-enc-key:	cert/key/KCEICV.txt
images-table:	cert/Images.txt
nvcounter-val:	1
cert-pkg:	cert/ICVSBContent.crt
2024-02-06 11:12:09,185 - **** Creating Content Certificate ****
2024-02-06 11:12:09,247 - **** Certificate file (context) creation has been completed successfully ****
2024-02-06 11:12:13,214 - Content Certificate Generation Utility started (Logging to sb_content_cert.log)
2024-02-06 11:12:13,215 - Parsing config file: cert\cfg\ICVSBContent.cfg
2024-02-06 11:12:13,216 - Parsed config items:
cert-keypair:	cert/key/ICVSBContent.pem
cert-keypair-pwd:	cert/key/ICVSBContent.pwd
load-verify-scheme:	0
crypto-type:	0
aes-ce-id:	0
aes-enc-key:	cert/key/KCEICV.txt
images-table:	cert/Images.txt
nvcounter-val:	1
cert-pkg:	cert/ICVSBContent.crt
2024-02-06 11:12:13,217 - **** Creating Content Certificate ****
2024-02-06 11:12:13,274 - **** Certificate file (context) creation has been completed successfully ****
2024-02-06 11:12:17,720 - Content Certificate Generation Utility started (Logging to sb_content_cert.log)
2024-02-06 11:12:17,720 - Parsing config file: cert\cfg\ICVSBContent.cfg
2024-02-06 11:12:17,721 - Parsed config items:
cert-keypair:	cert/key/ICVSBContent.pem
cert-keypair-pwd:	cert/key/ICVSBContent.pwd
load-verify-scheme:	0
crypto-type:	0
aes-ce-id:	0
aes-enc-key:	cert/key/KCEICV.txt
images-table:	cert/Images.txt
nvcounter-val:	1
cert-pkg:	cert/ICVSBContent.crt
2024-02-06 11:12:17,721 - **** Creating Content Certificate ****
2024-02-06 11:12:17,749 - **** Certificate file (context) creation has been completed successfully ****
2024-02-06 11:12:20,574 - Content Certificate Generation Utility started (Logging to sb_content_cert.log)
2024-02-06 11:12:20,575 - Parsing config file: cert\cfg\ICVSBContent.cfg
2024-02-06 11:12:20,576 - Parsed config items:
cert-keypair:	cert/key/ICVSBContent.pem
cert-keypair-pwd:	cert/key/ICVSBContent.pwd
load-verify-scheme:	0
crypto-type:	0
aes-ce-id:	0
aes-enc-key:	cert/key/KCEICV.txt
images-table:	cert/Images.txt
nvcounter-val:	1
cert-pkg:	cert/ICVSBContent.crt
2024-02-06 11:12:20,577 - **** Creating Content Certificate ****
2024-02-06 11:12:20,605 - **** Certificate file (context) creation has been completed successfully ****
2024-02-06 11:12:23,270 - Content Certificate Generation Utility started (Logging to sb_content_cert.log)
2024-02-06 11:12:23,270 - Parsing config file: cert\cfg\ICVSBContent.cfg
2024-02-06 11:12:23,271 - Parsed config items:
cert-keypair:	cert/key/ICVSBContent.pem
cert-keypair-pwd:	cert/key/ICVSBContent.pwd
load-verify-scheme:	0
crypto-type:	0
aes-ce-id:	0
aes-enc-key:	cert/key/KCEICV.txt
images-table:	cert/Images.txt
nvcounter-val:	1
cert-pkg:	cert/ICVSBContent.crt
2024-02-06 11:12:23,272 - **** Creating Content Certificate ****
2024-02-06 11:12:23,308 - **** Certificate file (context) creation has been completed successfully ****
2024-02-06 11:12:29,692 - Content Certificate Generation Utility started (Logging to sb_content_cert.log)
2024-02-06 11:12:29,693 - Parsing config file: cert\cfg\ICVSBContent.cfg
2024-02-06 11:12:29,694 - Parsed config items:
cert-keypair:	cert/key/ICVSBContent.pem
cert-keypair-pwd:	cert/key/ICVSBContent.pwd
load-verify-scheme:	0
crypto-type:	0
aes-ce-id:	0
aes-enc-key:	cert/key/KCEICV.txt
images-table:	cert/Images.txt
nvcounter-val:	1
cert-pkg:	cert/ICVSBContent.crt
2024-02-06 11:12:29,695 - **** Creating Content Certificate ****
2024-02-06 11:12:29,726 - **** Certificate file (context) creation has been completed successfully ****
2024-02-06 11:25:29,053 - Content Certificate Generation Utility started (Logging to sb_content_cert.log)
2024-02-06 11:25:29,053 - Parsing config file: cert\cfg\ICVSBContent.cfg
2024-02-06 11:25:29,067 - Parsed config items:
cert-keypair:	cert/key/ICVSBContent.pem
cert-keypair-pwd:	cert/key/ICVSBContent.pwd
load-verify-scheme:	0
crypto-type:	0
aes-ce-id:	0
aes-enc-key:	cert/key/KCEICV.txt
images-table:	cert/Images.txt
nvcounter-val:	1
cert-pkg:	cert/ICVSBContent.crt
2024-02-06 11:25:29,068 - **** Creating Content Certificate ****
2024-02-06 11:25:29,138 - **** Certificate file (context) creation has been completed successfully ****
2024-02-06 11:25:31,971 - Content Certificate Generation Utility started (Logging to sb_content_cert.log)
2024-02-06 11:25:31,972 - Parsing config file: cert\cfg\ICVSBContent.cfg
2024-02-06 11:25:31,973 - Parsed config items:
cert-keypair:	cert/key/ICVSBContent.pem
cert-keypair-pwd:	cert/key/ICVSBContent.pwd
load-verify-scheme:	0
crypto-type:	0
aes-ce-id:	0
aes-enc-key:	cert/key/KCEICV.txt
images-table:	cert/Images.txt
nvcounter-val:	1
cert-pkg:	cert/ICVSBContent.crt
2024-02-06 11:25:31,974 - **** Creating Content Certificate ****
2024-02-06 11:25:32,009 - **** Certificate file (context) creation has been completed successfully ****
2024-02-06 11:25:35,366 - Content Certificate Generation Utility started (Logging to sb_content_cert.log)
2024-02-06 11:25:35,366 - Parsing config file: cert\cfg\ICVSBContent.cfg
2024-02-06 11:25:35,367 - Parsed config items:
cert-keypair:	cert/key/ICVSBContent.pem
cert-keypair-pwd:	cert/key/ICVSBContent.pwd
load-verify-scheme:	0
crypto-type:	0
aes-ce-id:	0
aes-enc-key:	cert/key/KCEICV.txt
images-table:	cert/Images.txt
nvcounter-val:	1
cert-pkg:	cert/ICVSBContent.crt
2024-02-06 11:25:35,367 - **** Creating Content Certificate ****
2024-02-06 11:25:35,393 - **** Certificate file (context) creation has been completed successfully ****
2024-02-06 11:25:38,183 - Content Certificate Generation Utility started (Logging to sb_content_cert.log)
2024-02-06 11:25:38,184 - Parsing config file: cert\cfg\ICVSBContent.cfg
2024-02-06 11:25:38,185 - Parsed config items:
cert-keypair:	cert/key/ICVSBContent.pem
cert-keypair-pwd:	cert/key/ICVSBContent.pwd
load-verify-scheme:	0
crypto-type:	0
aes-ce-id:	0
aes-enc-key:	cert/key/KCEICV.txt
images-table:	cert/Images.txt
nvcounter-val:	1
cert-pkg:	cert/ICVSBContent.crt
2024-02-06 11:25:38,185 - **** Creating Content Certificate ****
2024-02-06 11:25:38,208 - **** Certificate file (context) creation has been completed successfully ****
2024-02-06 11:25:41,288 - Content Certificate Generation Utility started (Logging to sb_content_cert.log)
2024-02-06 11:25:41,289 - Parsing config file: cert\cfg\ICVSBContent.cfg
2024-02-06 11:25:41,290 - Parsed config items:
cert-keypair:	cert/key/ICVSBContent.pem
cert-keypair-pwd:	cert/key/ICVSBContent.pwd
load-verify-scheme:	0
crypto-type:	0
aes-ce-id:	0
aes-enc-key:	cert/key/KCEICV.txt
images-table:	cert/Images.txt
nvcounter-val:	1
cert-pkg:	cert/ICVSBContent.crt
2024-02-06 11:25:41,291 - **** Creating Content Certificate ****
2024-02-06 11:25:41,325 - **** Certificate file (context) creation has been completed successfully ****
2024-02-06 11:25:45,424 - Content Certificate Generation Utility started (Logging to sb_content_cert.log)
2024-02-06 11:25:45,425 - Parsing config file: cert\cfg\ICVSBContent.cfg
2024-02-06 11:25:45,426 - Parsed config items:
cert-keypair:	cert/key/ICVSBContent.pem
cert-keypair-pwd:	cert/key/ICVSBContent.pwd
load-verify-scheme:	0
crypto-type:	0
aes-ce-id:	0
aes-enc-key:	cert/key/KCEICV.txt
images-table:	cert/Images.txt
nvcounter-val:	1
cert-pkg:	cert/ICVSBContent.crt
2024-02-06 11:25:45,427 - **** Creating Content Certificate ****
2024-02-06 11:25:45,450 - **** Certificate file (context) creation has been completed successfully ****
2024-02-06 14:13:59,625 - Content Certificate Generation Utility started (Logging to sb_content_cert.log)
2024-02-06 14:13:59,625 - Parsing config file: cert\cfg\ICVSBContent.cfg
2024-02-06 14:13:59,635 - Parsed config items:
cert-keypair:	cert/key/ICVSBContent.pem
cert-keypair-pwd:	cert/key/ICVSBContent.pwd
load-verify-scheme:	0
crypto-type:	0
aes-ce-id:	0
aes-enc-key:	cert/key/KCEICV.txt
images-table:	cert/Images.txt
nvcounter-val:	1
cert-pkg:	cert/ICVSBContent.crt
2024-02-06 14:13:59,635 - **** Creating Content Certificate ****
2024-02-06 14:13:59,667 - **** Certificate file (context) creation has been completed successfully ****
2024-02-06 14:14:01,107 - Content Certificate Generation Utility started (Logging to sb_content_cert.log)
2024-02-06 14:14:01,107 - Parsing config file: cert\cfg\ICVSBContent.cfg
2024-02-06 14:14:01,108 - Parsed config items:
cert-keypair:	cert/key/ICVSBContent.pem
cert-keypair-pwd:	cert/key/ICVSBContent.pwd
load-verify-scheme:	0
crypto-type:	0
aes-ce-id:	0
aes-enc-key:	cert/key/KCEICV.txt
images-table:	cert/Images.txt
nvcounter-val:	1
cert-pkg:	cert/ICVSBContent.crt
2024-02-06 14:14:01,108 - **** Creating Content Certificate ****
2024-02-06 14:14:01,136 - **** Certificate file (context) creation has been completed successfully ****
2024-02-06 14:14:02,955 - Content Certificate Generation Utility started (Logging to sb_content_cert.log)
2024-02-06 14:14:02,955 - Parsing config file: cert\cfg\ICVSBContent.cfg
2024-02-06 14:14:02,956 - Parsed config items:
cert-keypair:	cert/key/ICVSBContent.pem
cert-keypair-pwd:	cert/key/ICVSBContent.pwd
load-verify-scheme:	0
crypto-type:	0
aes-ce-id:	0
aes-enc-key:	cert/key/KCEICV.txt
images-table:	cert/Images.txt
nvcounter-val:	1
cert-pkg:	cert/ICVSBContent.crt
2024-02-06 14:14:02,956 - **** Creating Content Certificate ****
2024-02-06 14:14:02,971 - **** Certificate file (context) creation has been completed successfully ****
2024-02-06 14:14:04,536 - Content Certificate Generation Utility started (Logging to sb_content_cert.log)
2024-02-06 14:14:04,536 - Parsing config file: cert\cfg\ICVSBContent.cfg
2024-02-06 14:14:04,537 - Parsed config items:
cert-keypair:	cert/key/ICVSBContent.pem
cert-keypair-pwd:	cert/key/ICVSBContent.pwd
load-verify-scheme:	0
crypto-type:	0
aes-ce-id:	0
aes-enc-key:	cert/key/KCEICV.txt
images-table:	cert/Images.txt
nvcounter-val:	1
cert-pkg:	cert/ICVSBContent.crt
2024-02-06 14:14:04,537 - **** Creating Content Certificate ****
2024-02-06 14:14:04,552 - **** Certificate file (context) creation has been completed successfully ****
2024-02-06 14:14:06,143 - Content Certificate Generation Utility started (Logging to sb_content_cert.log)
2024-02-06 14:14:06,143 - Parsing config file: cert\cfg\ICVSBContent.cfg
2024-02-06 14:14:06,143 - Parsed config items:
cert-keypair:	cert/key/ICVSBContent.pem
cert-keypair-pwd:	cert/key/ICVSBContent.pwd
load-verify-scheme:	0
crypto-type:	0
aes-ce-id:	0
aes-enc-key:	cert/key/KCEICV.txt
images-table:	cert/Images.txt
nvcounter-val:	1
cert-pkg:	cert/ICVSBContent.crt
2024-02-06 14:14:06,144 - **** Creating Content Certificate ****
2024-02-06 14:14:06,166 - **** Certificate file (context) creation has been completed successfully ****
2024-02-06 14:14:08,564 - Content Certificate Generation Utility started (Logging to sb_content_cert.log)
2024-02-06 14:14:08,565 - Parsing config file: cert\cfg\ICVSBContent.cfg
2024-02-06 14:14:08,565 - Parsed config items:
cert-keypair:	cert/key/ICVSBContent.pem
cert-keypair-pwd:	cert/key/ICVSBContent.pwd
load-verify-scheme:	0
crypto-type:	0
aes-ce-id:	0
aes-enc-key:	cert/key/KCEICV.txt
images-table:	cert/Images.txt
nvcounter-val:	1
cert-pkg:	cert/ICVSBContent.crt
2024-02-06 14:14:08,565 - **** Creating Content Certificate ****
2024-02-06 14:14:08,581 - **** Certificate file (context) creation has been completed successfully ****
2024-02-06 14:17:49,574 - Content Certificate Generation Utility started (Logging to sb_content_cert.log)
2024-02-06 14:17:49,575 - Parsing config file: cert\cfg\ICVSBContent.cfg
2024-02-06 14:17:49,576 - Parsed config items:
cert-keypair:	cert/key/ICVSBContent.pem
cert-keypair-pwd:	cert/key/ICVSBContent.pwd
load-verify-scheme:	0
crypto-type:	0
aes-ce-id:	0
aes-enc-key:	cert/key/KCEICV.txt
images-table:	cert/Images.txt
nvcounter-val:	1
cert-pkg:	cert/ICVSBContent.crt
2024-02-06 14:17:49,577 - **** Creating Content Certificate ****
2024-02-06 14:17:49,614 - **** Certificate file (context) creation has been completed successfully ****
2024-02-06 14:17:52,664 - Content Certificate Generation Utility started (Logging to sb_content_cert.log)
2024-02-06 14:17:52,665 - Parsing config file: cert\cfg\ICVSBContent.cfg
2024-02-06 14:17:52,667 - Parsed config items:
cert-keypair:	cert/key/ICVSBContent.pem
cert-keypair-pwd:	cert/key/ICVSBContent.pwd
load-verify-scheme:	0
crypto-type:	0
aes-ce-id:	0
aes-enc-key:	cert/key/KCEICV.txt
images-table:	cert/Images.txt
nvcounter-val:	1
cert-pkg:	cert/ICVSBContent.crt
2024-02-06 14:17:52,668 - **** Creating Content Certificate ****
2024-02-06 14:17:52,709 - **** Certificate file (context) creation has been completed successfully ****
2024-02-06 14:17:56,566 - Content Certificate Generation Utility started (Logging to sb_content_cert.log)
2024-02-06 14:17:56,567 - Parsing config file: cert\cfg\ICVSBContent.cfg
2024-02-06 14:17:56,568 - Parsed config items:
cert-keypair:	cert/key/ICVSBContent.pem
cert-keypair-pwd:	cert/key/ICVSBContent.pwd
load-verify-scheme:	0
crypto-type:	0
aes-ce-id:	0
aes-enc-key:	cert/key/KCEICV.txt
images-table:	cert/Images.txt
nvcounter-val:	1
cert-pkg:	cert/ICVSBContent.crt
2024-02-06 14:17:56,572 - **** Creating Content Certificate ****
2024-02-06 14:17:56,600 - **** Certificate file (context) creation has been completed successfully ****
2024-02-06 14:17:59,971 - Content Certificate Generation Utility started (Logging to sb_content_cert.log)
2024-02-06 14:17:59,972 - Parsing config file: cert\cfg\ICVSBContent.cfg
2024-02-06 14:17:59,974 - Parsed config items:
cert-keypair:	cert/key/ICVSBContent.pem
cert-keypair-pwd:	cert/key/ICVSBContent.pwd
load-verify-scheme:	0
crypto-type:	0
aes-ce-id:	0
aes-enc-key:	cert/key/KCEICV.txt
images-table:	cert/Images.txt
nvcounter-val:	1
cert-pkg:	cert/ICVSBContent.crt
2024-02-06 14:17:59,975 - **** Creating Content Certificate ****
2024-02-06 14:18:00,046 - **** Certificate file (context) creation has been completed successfully ****
2024-02-06 14:18:02,715 - Content Certificate Generation Utility started (Logging to sb_content_cert.log)
2024-02-06 14:18:02,716 - Parsing config file: cert\cfg\ICVSBContent.cfg
2024-02-06 14:18:02,716 - Parsed config items:
cert-keypair:	cert/key/ICVSBContent.pem
cert-keypair-pwd:	cert/key/ICVSBContent.pwd
load-verify-scheme:	0
crypto-type:	0
aes-ce-id:	0
aes-enc-key:	cert/key/KCEICV.txt
images-table:	cert/Images.txt
nvcounter-val:	1
cert-pkg:	cert/ICVSBContent.crt
2024-02-06 14:18:02,717 - **** Creating Content Certificate ****
2024-02-06 14:18:02,745 - **** Certificate file (context) creation has been completed successfully ****
2024-02-06 14:18:06,392 - Content Certificate Generation Utility started (Logging to sb_content_cert.log)
2024-02-06 14:18:06,393 - Parsing config file: cert\cfg\ICVSBContent.cfg
2024-02-06 14:18:06,394 - Parsed config items:
cert-keypair:	cert/key/ICVSBContent.pem
cert-keypair-pwd:	cert/key/ICVSBContent.pwd
load-verify-scheme:	0
crypto-type:	0
aes-ce-id:	0
aes-enc-key:	cert/key/KCEICV.txt
images-table:	cert/Images.txt
nvcounter-val:	1
cert-pkg:	cert/ICVSBContent.crt
2024-02-06 14:18:06,394 - **** Creating Content Certificate ****
2024-02-06 14:18:06,417 - **** Certificate file (context) creation has been completed successfully ****
2024-02-06 14:22:36,211 - Content Certificate Generation Utility started (Logging to sb_content_cert.log)
2024-02-06 14:22:36,211 - Parsing config file: cert\cfg\ICVSBContent.cfg
2024-02-06 14:22:36,212 - Parsed config items:
cert-keypair:	cert/key/ICVSBContent.pem
cert-keypair-pwd:	cert/key/ICVSBContent.pwd
load-verify-scheme:	0
crypto-type:	0
aes-ce-id:	0
aes-enc-key:	cert/key/KCEICV.txt
images-table:	cert/Images.txt
nvcounter-val:	1
cert-pkg:	cert/ICVSBContent.crt
2024-02-06 14:22:36,212 - **** Creating Content Certificate ****
2024-02-06 14:22:36,233 - **** Certificate file (context) creation has been completed successfully ****
2024-02-06 14:22:38,527 - Content Certificate Generation Utility started (Logging to sb_content_cert.log)
2024-02-06 14:22:38,527 - Parsing config file: cert\cfg\ICVSBContent.cfg
2024-02-06 14:22:38,528 - Parsed config items:
cert-keypair:	cert/key/ICVSBContent.pem
cert-keypair-pwd:	cert/key/ICVSBContent.pwd
load-verify-scheme:	0
crypto-type:	0
aes-ce-id:	0
aes-enc-key:	cert/key/KCEICV.txt
images-table:	cert/Images.txt
nvcounter-val:	1
cert-pkg:	cert/ICVSBContent.crt
2024-02-06 14:22:38,529 - **** Creating Content Certificate ****
2024-02-06 14:22:38,555 - **** Certificate file (context) creation has been completed successfully ****
2024-02-06 14:22:41,283 - Content Certificate Generation Utility started (Logging to sb_content_cert.log)
2024-02-06 14:22:41,283 - Parsing config file: cert\cfg\ICVSBContent.cfg
2024-02-06 14:22:41,284 - Parsed config items:
cert-keypair:	cert/key/ICVSBContent.pem
cert-keypair-pwd:	cert/key/ICVSBContent.pwd
load-verify-scheme:	0
crypto-type:	0
aes-ce-id:	0
aes-enc-key:	cert/key/KCEICV.txt
images-table:	cert/Images.txt
nvcounter-val:	1
cert-pkg:	cert/ICVSBContent.crt
2024-02-06 14:22:41,288 - **** Creating Content Certificate ****
2024-02-06 14:22:41,308 - **** Certificate file (context) creation has been completed successfully ****
2024-02-06 14:22:43,665 - Content Certificate Generation Utility started (Logging to sb_content_cert.log)
2024-02-06 14:22:43,666 - Parsing config file: cert\cfg\ICVSBContent.cfg
2024-02-06 14:22:43,666 - Parsed config items:
cert-keypair:	cert/key/ICVSBContent.pem
cert-keypair-pwd:	cert/key/ICVSBContent.pwd
load-verify-scheme:	0
crypto-type:	0
aes-ce-id:	0
aes-enc-key:	cert/key/KCEICV.txt
images-table:	cert/Images.txt
nvcounter-val:	1
cert-pkg:	cert/ICVSBContent.crt
2024-02-06 14:22:43,667 - **** Creating Content Certificate ****
2024-02-06 14:22:43,687 - **** Certificate file (context) creation has been completed successfully ****
2024-02-06 14:22:46,205 - Content Certificate Generation Utility started (Logging to sb_content_cert.log)
2024-02-06 14:22:46,206 - Parsing config file: cert\cfg\ICVSBContent.cfg
2024-02-06 14:22:46,210 - Parsed config items:
cert-keypair:	cert/key/ICVSBContent.pem
cert-keypair-pwd:	cert/key/ICVSBContent.pwd
load-verify-scheme:	0
crypto-type:	0
aes-ce-id:	0
aes-enc-key:	cert/key/KCEICV.txt
images-table:	cert/Images.txt
nvcounter-val:	1
cert-pkg:	cert/ICVSBContent.crt
2024-02-06 14:22:46,210 - **** Creating Content Certificate ****
2024-02-06 14:22:46,241 - **** Certificate file (context) creation has been completed successfully ****
2024-02-06 14:22:49,891 - Content Certificate Generation Utility started (Logging to sb_content_cert.log)
2024-02-06 14:22:49,891 - Parsing config file: cert\cfg\ICVSBContent.cfg
2024-02-06 14:22:49,892 - Parsed config items:
cert-keypair:	cert/key/ICVSBContent.pem
cert-keypair-pwd:	cert/key/ICVSBContent.pwd
load-verify-scheme:	0
crypto-type:	0
aes-ce-id:	0
aes-enc-key:	cert/key/KCEICV.txt
images-table:	cert/Images.txt
nvcounter-val:	1
cert-pkg:	cert/ICVSBContent.crt
2024-02-06 14:22:49,893 - **** Creating Content Certificate ****
2024-02-06 14:22:49,914 - **** Certificate file (context) creation has been completed successfully ****
2024-02-06 14:35:59,411 - Content Certificate Generation Utility started (Logging to sb_content_cert.log)
2024-02-06 14:35:59,414 - Parsing config file: cert\cfg\ICVSBContent.cfg
2024-02-06 14:35:59,426 - Parsed config items:
cert-keypair:	cert/key/ICVSBContent.pem
cert-keypair-pwd:	cert/key/ICVSBContent.pwd
load-verify-scheme:	0
crypto-type:	0
aes-ce-id:	0
aes-enc-key:	cert/key/KCEICV.txt
images-table:	cert/Images.txt
nvcounter-val:	1
cert-pkg:	cert/ICVSBContent.crt
2024-02-06 14:35:59,427 - **** Creating Content Certificate ****
2024-02-06 14:35:59,467 - **** Certificate file (context) creation has been completed successfully ****
2024-02-06 14:36:01,887 - Content Certificate Generation Utility started (Logging to sb_content_cert.log)
2024-02-06 14:36:01,887 - Parsing config file: cert\cfg\ICVSBContent.cfg
2024-02-06 14:36:01,888 - Parsed config items:
cert-keypair:	cert/key/ICVSBContent.pem
cert-keypair-pwd:	cert/key/ICVSBContent.pwd
load-verify-scheme:	0
crypto-type:	0
aes-ce-id:	0
aes-enc-key:	cert/key/KCEICV.txt
images-table:	cert/Images.txt
nvcounter-val:	1
cert-pkg:	cert/ICVSBContent.crt
2024-02-06 14:36:01,889 - **** Creating Content Certificate ****
2024-02-06 14:36:01,925 - **** Certificate file (context) creation has been completed successfully ****
2024-02-06 14:36:04,875 - Content Certificate Generation Utility started (Logging to sb_content_cert.log)
2024-02-06 14:36:04,876 - Parsing config file: cert\cfg\ICVSBContent.cfg
2024-02-06 14:36:04,877 - Parsed config items:
cert-keypair:	cert/key/ICVSBContent.pem
cert-keypair-pwd:	cert/key/ICVSBContent.pwd
load-verify-scheme:	0
crypto-type:	0
aes-ce-id:	0
aes-enc-key:	cert/key/KCEICV.txt
images-table:	cert/Images.txt
nvcounter-val:	1
cert-pkg:	cert/ICVSBContent.crt
2024-02-06 14:36:04,877 - **** Creating Content Certificate ****
2024-02-06 14:36:04,896 - **** Certificate file (context) creation has been completed successfully ****
2024-02-06 14:36:07,240 - Content Certificate Generation Utility started (Logging to sb_content_cert.log)
2024-02-06 14:36:07,241 - Parsing config file: cert\cfg\ICVSBContent.cfg
2024-02-06 14:36:07,242 - Parsed config items:
cert-keypair:	cert/key/ICVSBContent.pem
cert-keypair-pwd:	cert/key/ICVSBContent.pwd
load-verify-scheme:	0
crypto-type:	0
aes-ce-id:	0
aes-enc-key:	cert/key/KCEICV.txt
images-table:	cert/Images.txt
nvcounter-val:	1
cert-pkg:	cert/ICVSBContent.crt
2024-02-06 14:36:07,242 - **** Creating Content Certificate ****
2024-02-06 14:36:07,261 - **** Certificate file (context) creation has been completed successfully ****
2024-02-06 14:36:10,023 - Content Certificate Generation Utility started (Logging to sb_content_cert.log)
2024-02-06 14:36:10,024 - Parsing config file: cert\cfg\ICVSBContent.cfg
2024-02-06 14:36:10,024 - Parsed config items:
cert-keypair:	cert/key/ICVSBContent.pem
cert-keypair-pwd:	cert/key/ICVSBContent.pwd
load-verify-scheme:	0
crypto-type:	0
aes-ce-id:	0
aes-enc-key:	cert/key/KCEICV.txt
images-table:	cert/Images.txt
nvcounter-val:	1
cert-pkg:	cert/ICVSBContent.crt
2024-02-06 14:36:10,025 - **** Creating Content Certificate ****
2024-02-06 14:36:10,063 - **** Certificate file (context) creation has been completed successfully ****
2024-02-06 14:36:13,670 - Content Certificate Generation Utility started (Logging to sb_content_cert.log)
2024-02-06 14:36:13,671 - Parsing config file: cert\cfg\ICVSBContent.cfg
2024-02-06 14:36:13,672 - Parsed config items:
cert-keypair:	cert/key/ICVSBContent.pem
cert-keypair-pwd:	cert/key/ICVSBContent.pwd
load-verify-scheme:	0
crypto-type:	0
aes-ce-id:	0
aes-enc-key:	cert/key/KCEICV.txt
images-table:	cert/Images.txt
nvcounter-val:	1
cert-pkg:	cert/ICVSBContent.crt
2024-02-06 14:36:13,672 - **** Creating Content Certificate ****
2024-02-06 14:36:13,694 - **** Certificate file (context) creation has been completed successfully ****
2024-02-06 14:38:30,374 - Content Certificate Generation Utility started (Logging to sb_content_cert.log)
2024-02-06 14:38:30,375 - Parsing config file: cert\cfg\ICVSBContent.cfg
2024-02-06 14:38:30,375 - Parsed config items:
cert-keypair:	cert/key/ICVSBContent.pem
cert-keypair-pwd:	cert/key/ICVSBContent.pwd
load-verify-scheme:	0
crypto-type:	0
aes-ce-id:	0
aes-enc-key:	cert/key/KCEICV.txt
images-table:	cert/Images.txt
nvcounter-val:	1
cert-pkg:	cert/ICVSBContent.crt
2024-02-06 14:38:30,376 - **** Creating Content Certificate ****
2024-02-06 14:38:30,390 - **** Certificate file (context) creation has been completed successfully ****
2024-02-06 14:38:31,853 - Content Certificate Generation Utility started (Logging to sb_content_cert.log)
2024-02-06 14:38:31,853 - Parsing config file: cert\cfg\ICVSBContent.cfg
2024-02-06 14:38:31,854 - Parsed config items:
cert-keypair:	cert/key/ICVSBContent.pem
cert-keypair-pwd:	cert/key/ICVSBContent.pwd
load-verify-scheme:	0
crypto-type:	0
aes-ce-id:	0
aes-enc-key:	cert/key/KCEICV.txt
images-table:	cert/Images.txt
nvcounter-val:	1
cert-pkg:	cert/ICVSBContent.crt
2024-02-06 14:38:31,854 - **** Creating Content Certificate ****
2024-02-06 14:38:31,869 - **** Certificate file (context) creation has been completed successfully ****
2024-02-06 14:38:33,685 - Content Certificate Generation Utility started (Logging to sb_content_cert.log)
2024-02-06 14:38:33,686 - Parsing config file: cert\cfg\ICVSBContent.cfg
2024-02-06 14:38:33,686 - Parsed config items:
cert-keypair:	cert/key/ICVSBContent.pem
cert-keypair-pwd:	cert/key/ICVSBContent.pwd
load-verify-scheme:	0
crypto-type:	0
aes-ce-id:	0
aes-enc-key:	cert/key/KCEICV.txt
images-table:	cert/Images.txt
nvcounter-val:	1
cert-pkg:	cert/ICVSBContent.crt
2024-02-06 14:38:33,687 - **** Creating Content Certificate ****
2024-02-06 14:38:33,703 - **** Certificate file (context) creation has been completed successfully ****
2024-02-06 14:38:35,200 - Content Certificate Generation Utility started (Logging to sb_content_cert.log)
2024-02-06 14:38:35,200 - Parsing config file: cert\cfg\ICVSBContent.cfg
2024-02-06 14:38:35,201 - Parsed config items:
cert-keypair:	cert/key/ICVSBContent.pem
cert-keypair-pwd:	cert/key/ICVSBContent.pwd
load-verify-scheme:	0
crypto-type:	0
aes-ce-id:	0
aes-enc-key:	cert/key/KCEICV.txt
images-table:	cert/Images.txt
nvcounter-val:	1
cert-pkg:	cert/ICVSBContent.crt
2024-02-06 14:38:35,201 - **** Creating Content Certificate ****
2024-02-06 14:38:35,217 - **** Certificate file (context) creation has been completed successfully ****
2024-02-06 14:38:36,853 - Content Certificate Generation Utility started (Logging to sb_content_cert.log)
2024-02-06 14:38:36,854 - Parsing config file: cert\cfg\ICVSBContent.cfg
2024-02-06 14:38:36,854 - Parsed config items:
cert-keypair:	cert/key/ICVSBContent.pem
cert-keypair-pwd:	cert/key/ICVSBContent.pwd
load-verify-scheme:	0
crypto-type:	0
aes-ce-id:	0
aes-enc-key:	cert/key/KCEICV.txt
images-table:	cert/Images.txt
nvcounter-val:	1
cert-pkg:	cert/ICVSBContent.crt
2024-02-06 14:38:36,855 - **** Creating Content Certificate ****
2024-02-06 14:38:36,870 - **** Certificate file (context) creation has been completed successfully ****
2024-02-06 14:38:39,399 - Content Certificate Generation Utility started (Logging to sb_content_cert.log)
2024-02-06 14:38:39,400 - Parsing config file: cert\cfg\ICVSBContent.cfg
2024-02-06 14:38:39,400 - Parsed config items:
cert-keypair:	cert/key/ICVSBContent.pem
cert-keypair-pwd:	cert/key/ICVSBContent.pwd
load-verify-scheme:	0
crypto-type:	0
aes-ce-id:	0
aes-enc-key:	cert/key/KCEICV.txt
images-table:	cert/Images.txt
nvcounter-val:	1
cert-pkg:	cert/ICVSBContent.crt
2024-02-06 14:38:39,400 - **** Creating Content Certificate ****
2024-02-06 14:38:39,415 - **** Certificate file (context) creation has been completed successfully ****
2024-02-06 14:44:56,014 - Content Certificate Generation Utility started (Logging to sb_content_cert.log)
2024-02-06 14:44:56,015 - Parsing config file: cert\cfg\ICVSBContent.cfg
2024-02-06 14:44:56,016 - Parsed config items:
cert-keypair:	cert/key/ICVSBContent.pem
cert-keypair-pwd:	cert/key/ICVSBContent.pwd
load-verify-scheme:	0
crypto-type:	0
aes-ce-id:	0
aes-enc-key:	cert/key/KCEICV.txt
images-table:	cert/Images.txt
nvcounter-val:	1
cert-pkg:	cert/ICVSBContent.crt
2024-02-06 14:44:56,019 - **** Creating Content Certificate ****
2024-02-06 14:44:56,044 - **** Certificate file (context) creation has been completed successfully ****
2024-02-06 14:44:58,642 - Content Certificate Generation Utility started (Logging to sb_content_cert.log)
2024-02-06 14:44:58,643 - Parsing config file: cert\cfg\ICVSBContent.cfg
2024-02-06 14:44:58,643 - Parsed config items:
cert-keypair:	cert/key/ICVSBContent.pem
cert-keypair-pwd:	cert/key/ICVSBContent.pwd
load-verify-scheme:	0
crypto-type:	0
aes-ce-id:	0
aes-enc-key:	cert/key/KCEICV.txt
images-table:	cert/Images.txt
nvcounter-val:	1
cert-pkg:	cert/ICVSBContent.crt
2024-02-06 14:44:58,644 - **** Creating Content Certificate ****
2024-02-06 14:44:58,668 - **** Certificate file (context) creation has been completed successfully ****
2024-02-06 14:45:01,357 - Content Certificate Generation Utility started (Logging to sb_content_cert.log)
2024-02-06 14:45:01,357 - Parsing config file: cert\cfg\ICVSBContent.cfg
2024-02-06 14:45:01,358 - Parsed config items:
cert-keypair:	cert/key/ICVSBContent.pem
cert-keypair-pwd:	cert/key/ICVSBContent.pwd
load-verify-scheme:	0
crypto-type:	0
aes-ce-id:	0
aes-enc-key:	cert/key/KCEICV.txt
images-table:	cert/Images.txt
nvcounter-val:	1
cert-pkg:	cert/ICVSBContent.crt
2024-02-06 14:45:01,359 - **** Creating Content Certificate ****
2024-02-06 14:45:01,380 - **** Certificate file (context) creation has been completed successfully ****
2024-02-06 14:45:03,776 - Content Certificate Generation Utility started (Logging to sb_content_cert.log)
2024-02-06 14:45:03,776 - Parsing config file: cert\cfg\ICVSBContent.cfg
2024-02-06 14:45:03,777 - Parsed config items:
cert-keypair:	cert/key/ICVSBContent.pem
cert-keypair-pwd:	cert/key/ICVSBContent.pwd
load-verify-scheme:	0
crypto-type:	0
aes-ce-id:	0
aes-enc-key:	cert/key/KCEICV.txt
images-table:	cert/Images.txt
nvcounter-val:	1
cert-pkg:	cert/ICVSBContent.crt
2024-02-06 14:45:03,777 - **** Creating Content Certificate ****
2024-02-06 14:45:03,796 - **** Certificate file (context) creation has been completed successfully ****
2024-02-06 14:45:05,619 - Content Certificate Generation Utility started (Logging to sb_content_cert.log)
2024-02-06 14:45:05,619 - Parsing config file: cert\cfg\ICVSBContent.cfg
2024-02-06 14:45:05,620 - Parsed config items:
cert-keypair:	cert/key/ICVSBContent.pem
cert-keypair-pwd:	cert/key/ICVSBContent.pwd
load-verify-scheme:	0
crypto-type:	0
aes-ce-id:	0
aes-enc-key:	cert/key/KCEICV.txt
images-table:	cert/Images.txt
nvcounter-val:	1
cert-pkg:	cert/ICVSBContent.crt
2024-02-06 14:45:05,620 - **** Creating Content Certificate ****
2024-02-06 14:45:05,639 - **** Certificate file (context) creation has been completed successfully ****
2024-02-06 14:45:08,291 - Content Certificate Generation Utility started (Logging to sb_content_cert.log)
2024-02-06 14:45:08,291 - Parsing config file: cert\cfg\ICVSBContent.cfg
2024-02-06 14:45:08,291 - Parsed config items:
cert-keypair:	cert/key/ICVSBContent.pem
cert-keypair-pwd:	cert/key/ICVSBContent.pwd
load-verify-scheme:	0
crypto-type:	0
aes-ce-id:	0
aes-enc-key:	cert/key/KCEICV.txt
images-table:	cert/Images.txt
nvcounter-val:	1
cert-pkg:	cert/ICVSBContent.crt
2024-02-06 14:45:08,292 - **** Creating Content Certificate ****
2024-02-06 14:45:08,308 - **** Certificate file (context) creation has been completed successfully ****
2024-02-06 14:51:50,294 - Content Certificate Generation Utility started (Logging to sb_content_cert.log)
2024-02-06 14:51:50,305 - Parsing config file: cert\cfg\ICVSBContent.cfg
2024-02-06 14:51:50,308 - Parsed config items:
cert-keypair:	cert/key/ICVSBContent.pem
cert-keypair-pwd:	cert/key/ICVSBContent.pwd
load-verify-scheme:	0
crypto-type:	0
aes-ce-id:	0
aes-enc-key:	cert/key/KCEICV.txt
images-table:	cert/Images.txt
nvcounter-val:	1
cert-pkg:	cert/ICVSBContent.crt
2024-02-06 14:51:50,308 - **** Creating Content Certificate ****
2024-02-06 14:51:50,359 - **** Certificate file (context) creation has been completed successfully ****
2024-02-06 14:51:52,807 - Content Certificate Generation Utility started (Logging to sb_content_cert.log)
2024-02-06 14:51:52,808 - Parsing config file: cert\cfg\ICVSBContent.cfg
2024-02-06 14:51:52,809 - Parsed config items:
cert-keypair:	cert/key/ICVSBContent.pem
cert-keypair-pwd:	cert/key/ICVSBContent.pwd
load-verify-scheme:	0
crypto-type:	0
aes-ce-id:	0
aes-enc-key:	cert/key/KCEICV.txt
images-table:	cert/Images.txt
nvcounter-val:	1
cert-pkg:	cert/ICVSBContent.crt
2024-02-06 14:51:52,809 - **** Creating Content Certificate ****
2024-02-06 14:51:52,839 - **** Certificate file (context) creation has been completed successfully ****
2024-02-06 14:51:55,890 - Content Certificate Generation Utility started (Logging to sb_content_cert.log)
2024-02-06 14:51:55,890 - Parsing config file: cert\cfg\ICVSBContent.cfg
2024-02-06 14:51:55,891 - Parsed config items:
cert-keypair:	cert/key/ICVSBContent.pem
cert-keypair-pwd:	cert/key/ICVSBContent.pwd
load-verify-scheme:	0
crypto-type:	0
aes-ce-id:	0
aes-enc-key:	cert/key/KCEICV.txt
images-table:	cert/Images.txt
nvcounter-val:	1
cert-pkg:	cert/ICVSBContent.crt
2024-02-06 14:51:55,891 - **** Creating Content Certificate ****
2024-02-06 14:51:55,915 - **** Certificate file (context) creation has been completed successfully ****
2024-02-06 14:51:58,812 - Content Certificate Generation Utility started (Logging to sb_content_cert.log)
2024-02-06 14:51:58,813 - Parsing config file: cert\cfg\ICVSBContent.cfg
2024-02-06 14:51:58,813 - Parsed config items:
cert-keypair:	cert/key/ICVSBContent.pem
cert-keypair-pwd:	cert/key/ICVSBContent.pwd
load-verify-scheme:	0
crypto-type:	0
aes-ce-id:	0
aes-enc-key:	cert/key/KCEICV.txt
images-table:	cert/Images.txt
nvcounter-val:	1
cert-pkg:	cert/ICVSBContent.crt
2024-02-06 14:51:58,814 - **** Creating Content Certificate ****
2024-02-06 14:51:58,844 - **** Certificate file (context) creation has been completed successfully ****
2024-02-06 14:52:01,512 - Content Certificate Generation Utility started (Logging to sb_content_cert.log)
2024-02-06 14:52:01,512 - Parsing config file: cert\cfg\ICVSBContent.cfg
2024-02-06 14:52:01,513 - Parsed config items:
cert-keypair:	cert/key/ICVSBContent.pem
cert-keypair-pwd:	cert/key/ICVSBContent.pwd
load-verify-scheme:	0
crypto-type:	0
aes-ce-id:	0
aes-enc-key:	cert/key/KCEICV.txt
images-table:	cert/Images.txt
nvcounter-val:	1
cert-pkg:	cert/ICVSBContent.crt
2024-02-06 14:52:01,514 - **** Creating Content Certificate ****
2024-02-06 14:52:01,544 - **** Certificate file (context) creation has been completed successfully ****
2024-02-06 14:52:04,879 - Content Certificate Generation Utility started (Logging to sb_content_cert.log)
2024-02-06 14:52:04,879 - Parsing config file: cert\cfg\ICVSBContent.cfg
2024-02-06 14:52:04,880 - Parsed config items:
cert-keypair:	cert/key/ICVSBContent.pem
cert-keypair-pwd:	cert/key/ICVSBContent.pwd
load-verify-scheme:	0
crypto-type:	0
aes-ce-id:	0
aes-enc-key:	cert/key/KCEICV.txt
images-table:	cert/Images.txt
nvcounter-val:	1
cert-pkg:	cert/ICVSBContent.crt
2024-02-06 14:52:04,880 - **** Creating Content Certificate ****
2024-02-06 14:52:04,900 - **** Certificate file (context) creation has been completed successfully ****
2024-02-06 14:59:20,660 - Content Certificate Generation Utility started (Logging to sb_content_cert.log)
2024-02-06 14:59:20,661 - Parsing config file: cert\cfg\ICVSBContent.cfg
2024-02-06 14:59:20,665 - Parsed config items:
cert-keypair:	cert/key/ICVSBContent.pem
cert-keypair-pwd:	cert/key/ICVSBContent.pwd
load-verify-scheme:	0
crypto-type:	0
aes-ce-id:	0
aes-enc-key:	cert/key/KCEICV.txt
images-table:	cert/Images.txt
nvcounter-val:	1
cert-pkg:	cert/ICVSBContent.crt
2024-02-06 14:59:20,666 - **** Creating Content Certificate ****
2024-02-06 14:59:20,701 - **** Certificate file (context) creation has been completed successfully ****
2024-02-06 14:59:23,566 - Content Certificate Generation Utility started (Logging to sb_content_cert.log)
2024-02-06 14:59:23,567 - Parsing config file: cert\cfg\ICVSBContent.cfg
2024-02-06 14:59:23,568 - Parsed config items:
cert-keypair:	cert/key/ICVSBContent.pem
cert-keypair-pwd:	cert/key/ICVSBContent.pwd
load-verify-scheme:	0
crypto-type:	0
aes-ce-id:	0
aes-enc-key:	cert/key/KCEICV.txt
images-table:	cert/Images.txt
nvcounter-val:	1
cert-pkg:	cert/ICVSBContent.crt
2024-02-06 14:59:23,572 - **** Creating Content Certificate ****
2024-02-06 14:59:23,611 - **** Certificate file (context) creation has been completed successfully ****
2024-02-06 14:59:26,853 - Content Certificate Generation Utility started (Logging to sb_content_cert.log)
2024-02-06 14:59:26,854 - Parsing config file: cert\cfg\ICVSBContent.cfg
2024-02-06 14:59:26,855 - Parsed config items:
cert-keypair:	cert/key/ICVSBContent.pem
cert-keypair-pwd:	cert/key/ICVSBContent.pwd
load-verify-scheme:	0
crypto-type:	0
aes-ce-id:	0
aes-enc-key:	cert/key/KCEICV.txt
images-table:	cert/Images.txt
nvcounter-val:	1
cert-pkg:	cert/ICVSBContent.crt
2024-02-06 14:59:26,856 - **** Creating Content Certificate ****
2024-02-06 14:59:26,898 - **** Certificate file (context) creation has been completed successfully ****
2024-02-06 14:59:30,705 - Content Certificate Generation Utility started (Logging to sb_content_cert.log)
2024-02-06 14:59:30,706 - Parsing config file: cert\cfg\ICVSBContent.cfg
2024-02-06 14:59:30,707 - Parsed config items:
cert-keypair:	cert/key/ICVSBContent.pem
cert-keypair-pwd:	cert/key/ICVSBContent.pwd
load-verify-scheme:	0
crypto-type:	0
aes-ce-id:	0
aes-enc-key:	cert/key/KCEICV.txt
images-table:	cert/Images.txt
nvcounter-val:	1
cert-pkg:	cert/ICVSBContent.crt
2024-02-06 14:59:30,707 - **** Creating Content Certificate ****
2024-02-06 14:59:30,741 - **** Certificate file (context) creation has been completed successfully ****
2024-02-06 14:59:33,575 - Content Certificate Generation Utility started (Logging to sb_content_cert.log)
2024-02-06 14:59:33,575 - Parsing config file: cert\cfg\ICVSBContent.cfg
2024-02-06 14:59:33,581 - Parsed config items:
cert-keypair:	cert/key/ICVSBContent.pem
cert-keypair-pwd:	cert/key/ICVSBContent.pwd
load-verify-scheme:	0
crypto-type:	0
aes-ce-id:	0
aes-enc-key:	cert/key/KCEICV.txt
images-table:	cert/Images.txt
nvcounter-val:	1
cert-pkg:	cert/ICVSBContent.crt
2024-02-06 14:59:33,581 - **** Creating Content Certificate ****
2024-02-06 14:59:33,616 - **** Certificate file (context) creation has been completed successfully ****
2024-02-06 14:59:37,798 - Content Certificate Generation Utility started (Logging to sb_content_cert.log)
2024-02-06 14:59:37,798 - Parsing config file: cert\cfg\ICVSBContent.cfg
2024-02-06 14:59:37,800 - Parsed config items:
cert-keypair:	cert/key/ICVSBContent.pem
cert-keypair-pwd:	cert/key/ICVSBContent.pwd
load-verify-scheme:	0
crypto-type:	0
aes-ce-id:	0
aes-enc-key:	cert/key/KCEICV.txt
images-table:	cert/Images.txt
nvcounter-val:	1
cert-pkg:	cert/ICVSBContent.crt
2024-02-06 14:59:37,800 - **** Creating Content Certificate ****
2024-02-06 14:59:37,834 - **** Certificate file (context) creation has been completed successfully ****
2024-02-06 15:03:37,898 - Content Certificate Generation Utility started (Logging to sb_content_cert.log)
2024-02-06 15:03:37,898 - Parsing config file: cert\cfg\ICVSBContent.cfg
2024-02-06 15:03:37,915 - Parsed config items:
cert-keypair:	cert/key/ICVSBContent.pem
cert-keypair-pwd:	cert/key/ICVSBContent.pwd
load-verify-scheme:	0
crypto-type:	0
aes-ce-id:	0
aes-enc-key:	cert/key/KCEICV.txt
images-table:	cert/Images.txt
nvcounter-val:	1
cert-pkg:	cert/ICVSBContent.crt
2024-02-06 15:03:37,918 - **** Creating Content Certificate ****
2024-02-06 15:03:37,937 - **** Certificate file (context) creation has been completed successfully ****
2024-02-06 15:03:40,977 - Content Certificate Generation Utility started (Logging to sb_content_cert.log)
2024-02-06 15:03:40,978 - Parsing config file: cert\cfg\ICVSBContent.cfg
2024-02-06 15:03:40,980 - Parsed config items:
cert-keypair:	cert/key/ICVSBContent.pem
cert-keypair-pwd:	cert/key/ICVSBContent.pwd
load-verify-scheme:	0
crypto-type:	0
aes-ce-id:	0
aes-enc-key:	cert/key/KCEICV.txt
images-table:	cert/Images.txt
nvcounter-val:	1
cert-pkg:	cert/ICVSBContent.crt
2024-02-06 15:03:40,980 - **** Creating Content Certificate ****
2024-02-06 15:03:41,007 - **** Certificate file (context) creation has been completed successfully ****
2024-02-06 15:03:44,295 - Content Certificate Generation Utility started (Logging to sb_content_cert.log)
2024-02-06 15:03:44,295 - Parsing config file: cert\cfg\ICVSBContent.cfg
2024-02-06 15:03:44,296 - Parsed config items:
cert-keypair:	cert/key/ICVSBContent.pem
cert-keypair-pwd:	cert/key/ICVSBContent.pwd
load-verify-scheme:	0
crypto-type:	0
aes-ce-id:	0
aes-enc-key:	cert/key/KCEICV.txt
images-table:	cert/Images.txt
nvcounter-val:	1
cert-pkg:	cert/ICVSBContent.crt
2024-02-06 15:03:44,297 - **** Creating Content Certificate ****
2024-02-06 15:03:44,325 - **** Certificate file (context) creation has been completed successfully ****
2024-02-06 15:03:47,236 - Content Certificate Generation Utility started (Logging to sb_content_cert.log)
2024-02-06 15:03:47,236 - Parsing config file: cert\cfg\ICVSBContent.cfg
2024-02-06 15:03:47,237 - Parsed config items:
cert-keypair:	cert/key/ICVSBContent.pem
cert-keypair-pwd:	cert/key/ICVSBContent.pwd
load-verify-scheme:	0
crypto-type:	0
aes-ce-id:	0
aes-enc-key:	cert/key/KCEICV.txt
images-table:	cert/Images.txt
nvcounter-val:	1
cert-pkg:	cert/ICVSBContent.crt
2024-02-06 15:03:47,237 - **** Creating Content Certificate ****
2024-02-06 15:03:47,260 - **** Certificate file (context) creation has been completed successfully ****
2024-02-06 15:03:50,292 - Content Certificate Generation Utility started (Logging to sb_content_cert.log)
2024-02-06 15:03:50,292 - Parsing config file: cert\cfg\ICVSBContent.cfg
2024-02-06 15:03:50,293 - Parsed config items:
cert-keypair:	cert/key/ICVSBContent.pem
cert-keypair-pwd:	cert/key/ICVSBContent.pwd
load-verify-scheme:	0
crypto-type:	0
aes-ce-id:	0
aes-enc-key:	cert/key/KCEICV.txt
images-table:	cert/Images.txt
nvcounter-val:	1
cert-pkg:	cert/ICVSBContent.crt
2024-02-06 15:03:50,294 - **** Creating Content Certificate ****
2024-02-06 15:03:50,316 - **** Certificate file (context) creation has been completed successfully ****
2024-02-06 15:03:56,663 - Content Certificate Generation Utility started (Logging to sb_content_cert.log)
2024-02-06 15:03:56,664 - Parsing config file: cert\cfg\ICVSBContent.cfg
2024-02-06 15:03:56,664 - Parsed config items:
cert-keypair:	cert/key/ICVSBContent.pem
cert-keypair-pwd:	cert/key/ICVSBContent.pwd
load-verify-scheme:	0
crypto-type:	0
aes-ce-id:	0
aes-enc-key:	cert/key/KCEICV.txt
images-table:	cert/Images.txt
nvcounter-val:	1
cert-pkg:	cert/ICVSBContent.crt
2024-02-06 15:03:56,665 - **** Creating Content Certificate ****
2024-02-06 15:03:56,685 - **** Certificate file (context) creation has been completed successfully ****
2024-02-06 15:13:08,404 - Content Certificate Generation Utility started (Logging to sb_content_cert.log)
2024-02-06 15:13:08,404 - Parsing config file: cert\cfg\ICVSBContent.cfg
2024-02-06 15:13:08,412 - Parsed config items:
cert-keypair:	cert/key/ICVSBContent.pem
cert-keypair-pwd:	cert/key/ICVSBContent.pwd
load-verify-scheme:	0
crypto-type:	0
aes-ce-id:	0
aes-enc-key:	cert/key/KCEICV.txt
images-table:	cert/Images.txt
nvcounter-val:	1
cert-pkg:	cert/ICVSBContent.crt
2024-02-06 15:13:08,412 - **** Creating Content Certificate ****
2024-02-06 15:13:08,441 - **** Certificate file (context) creation has been completed successfully ****
2024-02-06 15:13:09,976 - Content Certificate Generation Utility started (Logging to sb_content_cert.log)
2024-02-06 15:13:09,976 - Parsing config file: cert\cfg\ICVSBContent.cfg
2024-02-06 15:13:09,977 - Parsed config items:
cert-keypair:	cert/key/ICVSBContent.pem
cert-keypair-pwd:	cert/key/ICVSBContent.pwd
load-verify-scheme:	0
crypto-type:	0
aes-ce-id:	0
aes-enc-key:	cert/key/KCEICV.txt
images-table:	cert/Images.txt
nvcounter-val:	1
cert-pkg:	cert/ICVSBContent.crt
2024-02-06 15:13:09,977 - **** Creating Content Certificate ****
2024-02-06 15:13:10,001 - **** Certificate file (context) creation has been completed successfully ****
2024-02-06 15:13:12,202 - Content Certificate Generation Utility started (Logging to sb_content_cert.log)
2024-02-06 15:13:12,202 - Parsing config file: cert\cfg\ICVSBContent.cfg
2024-02-06 15:13:12,203 - Parsed config items:
cert-keypair:	cert/key/ICVSBContent.pem
cert-keypair-pwd:	cert/key/ICVSBContent.pwd
load-verify-scheme:	0
crypto-type:	0
aes-ce-id:	0
aes-enc-key:	cert/key/KCEICV.txt
images-table:	cert/Images.txt
nvcounter-val:	1
cert-pkg:	cert/ICVSBContent.crt
2024-02-06 15:13:12,203 - **** Creating Content Certificate ****
2024-02-06 15:13:12,225 - **** Certificate file (context) creation has been completed successfully ****
2024-02-06 15:13:13,904 - Content Certificate Generation Utility started (Logging to sb_content_cert.log)
2024-02-06 15:13:13,905 - Parsing config file: cert\cfg\ICVSBContent.cfg
2024-02-06 15:13:13,906 - Parsed config items:
cert-keypair:	cert/key/ICVSBContent.pem
cert-keypair-pwd:	cert/key/ICVSBContent.pwd
load-verify-scheme:	0
crypto-type:	0
aes-ce-id:	0
aes-enc-key:	cert/key/KCEICV.txt
images-table:	cert/Images.txt
nvcounter-val:	1
cert-pkg:	cert/ICVSBContent.crt
2024-02-06 15:13:13,906 - **** Creating Content Certificate ****
2024-02-06 15:13:13,928 - **** Certificate file (context) creation has been completed successfully ****
2024-02-06 15:13:15,549 - Content Certificate Generation Utility started (Logging to sb_content_cert.log)
2024-02-06 15:13:15,550 - Parsing config file: cert\cfg\ICVSBContent.cfg
2024-02-06 15:13:15,550 - Parsed config items:
cert-keypair:	cert/key/ICVSBContent.pem
cert-keypair-pwd:	cert/key/ICVSBContent.pwd
load-verify-scheme:	0
crypto-type:	0
aes-ce-id:	0
aes-enc-key:	cert/key/KCEICV.txt
images-table:	cert/Images.txt
nvcounter-val:	1
cert-pkg:	cert/ICVSBContent.crt
2024-02-06 15:13:15,551 - **** Creating Content Certificate ****
2024-02-06 15:13:15,571 - **** Certificate file (context) creation has been completed successfully ****
2024-02-06 15:13:19,788 - Content Certificate Generation Utility started (Logging to sb_content_cert.log)
2024-02-06 15:13:19,788 - Parsing config file: cert\cfg\ICVSBContent.cfg
2024-02-06 15:13:19,789 - Parsed config items:
cert-keypair:	cert/key/ICVSBContent.pem
cert-keypair-pwd:	cert/key/ICVSBContent.pwd
load-verify-scheme:	0
crypto-type:	0
aes-ce-id:	0
aes-enc-key:	cert/key/KCEICV.txt
images-table:	cert/Images.txt
nvcounter-val:	1
cert-pkg:	cert/ICVSBContent.crt
2024-02-06 15:13:19,789 - **** Creating Content Certificate ****
2024-02-06 15:13:19,806 - **** Certificate file (context) creation has been completed successfully ****
2024-02-06 15:28:05,487 - Content Certificate Generation Utility started (Logging to sb_content_cert.log)
2024-02-06 15:28:05,488 - Parsing config file: cert\cfg\ICVSBContent.cfg
2024-02-06 15:28:05,499 - Parsed config items:
cert-keypair:	cert/key/ICVSBContent.pem
cert-keypair-pwd:	cert/key/ICVSBContent.pwd
load-verify-scheme:	0
crypto-type:	0
aes-ce-id:	0
aes-enc-key:	cert/key/KCEICV.txt
images-table:	cert/Images.txt
nvcounter-val:	1
cert-pkg:	cert/ICVSBContent.crt
2024-02-06 15:28:05,501 - **** Creating Content Certificate ****
2024-02-06 15:28:05,534 - **** Certificate file (context) creation has been completed successfully ****
2024-02-06 15:28:07,136 - Content Certificate Generation Utility started (Logging to sb_content_cert.log)
2024-02-06 15:28:07,137 - Parsing config file: cert\cfg\ICVSBContent.cfg
2024-02-06 15:28:07,137 - Parsed config items:
cert-keypair:	cert/key/ICVSBContent.pem
cert-keypair-pwd:	cert/key/ICVSBContent.pwd
load-verify-scheme:	0
crypto-type:	0
aes-ce-id:	0
aes-enc-key:	cert/key/KCEICV.txt
images-table:	cert/Images.txt
nvcounter-val:	1
cert-pkg:	cert/ICVSBContent.crt
2024-02-06 15:28:07,138 - **** Creating Content Certificate ****
2024-02-06 15:28:07,161 - **** Certificate file (context) creation has been completed successfully ****
2024-02-06 15:28:09,530 - Content Certificate Generation Utility started (Logging to sb_content_cert.log)
2024-02-06 15:28:09,531 - Parsing config file: cert\cfg\ICVSBContent.cfg
2024-02-06 15:28:09,532 - Parsed config items:
cert-keypair:	cert/key/ICVSBContent.pem
cert-keypair-pwd:	cert/key/ICVSBContent.pwd
load-verify-scheme:	0
crypto-type:	0
aes-ce-id:	0
aes-enc-key:	cert/key/KCEICV.txt
images-table:	cert/Images.txt
nvcounter-val:	1
cert-pkg:	cert/ICVSBContent.crt
2024-02-06 15:28:09,532 - **** Creating Content Certificate ****
2024-02-06 15:28:09,548 - **** Certificate file (context) creation has been completed successfully ****
2024-02-06 15:28:11,267 - Content Certificate Generation Utility started (Logging to sb_content_cert.log)
2024-02-06 15:28:11,268 - Parsing config file: cert\cfg\ICVSBContent.cfg
2024-02-06 15:28:11,268 - Parsed config items:
cert-keypair:	cert/key/ICVSBContent.pem
cert-keypair-pwd:	cert/key/ICVSBContent.pwd
load-verify-scheme:	0
crypto-type:	0
aes-ce-id:	0
aes-enc-key:	cert/key/KCEICV.txt
images-table:	cert/Images.txt
nvcounter-val:	1
cert-pkg:	cert/ICVSBContent.crt
2024-02-06 15:28:11,269 - **** Creating Content Certificate ****
2024-02-06 15:28:11,286 - **** Certificate file (context) creation has been completed successfully ****
2024-02-06 15:28:13,078 - Content Certificate Generation Utility started (Logging to sb_content_cert.log)
2024-02-06 15:28:13,079 - Parsing config file: cert\cfg\ICVSBContent.cfg
2024-02-06 15:28:13,079 - Parsed config items:
cert-keypair:	cert/key/ICVSBContent.pem
cert-keypair-pwd:	cert/key/ICVSBContent.pwd
load-verify-scheme:	0
crypto-type:	0
aes-ce-id:	0
aes-enc-key:	cert/key/KCEICV.txt
images-table:	cert/Images.txt
nvcounter-val:	1
cert-pkg:	cert/ICVSBContent.crt
2024-02-06 15:28:13,080 - **** Creating Content Certificate ****
2024-02-06 15:28:13,103 - **** Certificate file (context) creation has been completed successfully ****
2024-02-06 15:28:17,615 - Content Certificate Generation Utility started (Logging to sb_content_cert.log)
2024-02-06 15:28:17,615 - Parsing config file: cert\cfg\ICVSBContent.cfg
2024-02-06 15:28:17,616 - Parsed config items:
cert-keypair:	cert/key/ICVSBContent.pem
cert-keypair-pwd:	cert/key/ICVSBContent.pwd
load-verify-scheme:	0
crypto-type:	0
aes-ce-id:	0
aes-enc-key:	cert/key/KCEICV.txt
images-table:	cert/Images.txt
nvcounter-val:	1
cert-pkg:	cert/ICVSBContent.crt
2024-02-06 15:28:17,617 - **** Creating Content Certificate ****
2024-02-06 15:28:17,638 - **** Certificate file (context) creation has been completed successfully ****
2024-02-06 15:32:57,858 - Content Certificate Generation Utility started (Logging to sb_content_cert.log)
2024-02-06 15:32:57,859 - Parsing config file: cert\cfg\ICVSBContent.cfg
2024-02-06 15:32:57,874 - Parsed config items:
cert-keypair:	cert/key/ICVSBContent.pem
cert-keypair-pwd:	cert/key/ICVSBContent.pwd
load-verify-scheme:	0
crypto-type:	0
aes-ce-id:	0
aes-enc-key:	cert/key/KCEICV.txt
images-table:	cert/Images.txt
nvcounter-val:	1
cert-pkg:	cert/ICVSBContent.crt
2024-02-06 15:32:57,875 - **** Creating Content Certificate ****
2024-02-06 15:32:57,910 - **** Certificate file (context) creation has been completed successfully ****
2024-02-06 15:33:00,363 - Content Certificate Generation Utility started (Logging to sb_content_cert.log)
2024-02-06 15:33:00,364 - Parsing config file: cert\cfg\ICVSBContent.cfg
2024-02-06 15:33:00,365 - Parsed config items:
cert-keypair:	cert/key/ICVSBContent.pem
cert-keypair-pwd:	cert/key/ICVSBContent.pwd
load-verify-scheme:	0
crypto-type:	0
aes-ce-id:	0
aes-enc-key:	cert/key/KCEICV.txt
images-table:	cert/Images.txt
nvcounter-val:	1
cert-pkg:	cert/ICVSBContent.crt
2024-02-06 15:33:00,366 - **** Creating Content Certificate ****
2024-02-06 15:33:00,411 - **** Certificate file (context) creation has been completed successfully ****
2024-02-06 15:33:04,019 - Content Certificate Generation Utility started (Logging to sb_content_cert.log)
2024-02-06 15:33:04,019 - Parsing config file: cert\cfg\ICVSBContent.cfg
2024-02-06 15:33:04,020 - Parsed config items:
cert-keypair:	cert/key/ICVSBContent.pem
cert-keypair-pwd:	cert/key/ICVSBContent.pwd
load-verify-scheme:	0
crypto-type:	0
aes-ce-id:	0
aes-enc-key:	cert/key/KCEICV.txt
images-table:	cert/Images.txt
nvcounter-val:	1
cert-pkg:	cert/ICVSBContent.crt
2024-02-06 15:33:04,021 - **** Creating Content Certificate ****
2024-02-06 15:33:04,051 - **** Certificate file (context) creation has been completed successfully ****
2024-02-06 15:33:06,432 - Content Certificate Generation Utility started (Logging to sb_content_cert.log)
2024-02-06 15:33:06,433 - Parsing config file: cert\cfg\ICVSBContent.cfg
2024-02-06 15:33:06,433 - Parsed config items:
cert-keypair:	cert/key/ICVSBContent.pem
cert-keypair-pwd:	cert/key/ICVSBContent.pwd
load-verify-scheme:	0
crypto-type:	0
aes-ce-id:	0
aes-enc-key:	cert/key/KCEICV.txt
images-table:	cert/Images.txt
nvcounter-val:	1
cert-pkg:	cert/ICVSBContent.crt
2024-02-06 15:33:06,434 - **** Creating Content Certificate ****
2024-02-06 15:33:06,457 - **** Certificate file (context) creation has been completed successfully ****
2024-02-06 15:33:08,713 - Content Certificate Generation Utility started (Logging to sb_content_cert.log)
2024-02-06 15:33:08,714 - Parsing config file: cert\cfg\ICVSBContent.cfg
2024-02-06 15:33:08,715 - Parsed config items:
cert-keypair:	cert/key/ICVSBContent.pem
cert-keypair-pwd:	cert/key/ICVSBContent.pwd
load-verify-scheme:	0
crypto-type:	0
aes-ce-id:	0
aes-enc-key:	cert/key/KCEICV.txt
images-table:	cert/Images.txt
nvcounter-val:	1
cert-pkg:	cert/ICVSBContent.crt
2024-02-06 15:33:08,715 - **** Creating Content Certificate ****
2024-02-06 15:33:08,735 - **** Certificate file (context) creation has been completed successfully ****
2024-02-06 15:33:13,621 - Content Certificate Generation Utility started (Logging to sb_content_cert.log)
2024-02-06 15:33:13,622 - Parsing config file: cert\cfg\ICVSBContent.cfg
2024-02-06 15:33:13,624 - Parsed config items:
cert-keypair:	cert/key/ICVSBContent.pem
cert-keypair-pwd:	cert/key/ICVSBContent.pwd
load-verify-scheme:	0
crypto-type:	0
aes-ce-id:	0
aes-enc-key:	cert/key/KCEICV.txt
images-table:	cert/Images.txt
nvcounter-val:	1
cert-pkg:	cert/ICVSBContent.crt
2024-02-06 15:33:13,625 - **** Creating Content Certificate ****
2024-02-06 15:33:13,645 - **** Certificate file (context) creation has been completed successfully ****
2024-02-06 15:47:38,046 - Content Certificate Generation Utility started (Logging to sb_content_cert.log)
2024-02-06 15:47:38,046 - Parsing config file: cert\cfg\ICVSBContent.cfg
2024-02-06 15:47:38,063 - Parsed config items:
cert-keypair:	cert/key/ICVSBContent.pem
cert-keypair-pwd:	cert/key/ICVSBContent.pwd
load-verify-scheme:	0
crypto-type:	0
aes-ce-id:	0
aes-enc-key:	cert/key/KCEICV.txt
images-table:	cert/Images.txt
nvcounter-val:	1
cert-pkg:	cert/ICVSBContent.crt
2024-02-06 15:47:38,064 - **** Creating Content Certificate ****
2024-02-06 15:47:38,114 - **** Certificate file (context) creation has been completed successfully ****
2024-02-06 15:47:41,466 - Content Certificate Generation Utility started (Logging to sb_content_cert.log)
2024-02-06 15:47:41,466 - Parsing config file: cert\cfg\ICVSBContent.cfg
2024-02-06 15:47:41,467 - Parsed config items:
cert-keypair:	cert/key/ICVSBContent.pem
cert-keypair-pwd:	cert/key/ICVSBContent.pwd
load-verify-scheme:	0
crypto-type:	0
aes-ce-id:	0
aes-enc-key:	cert/key/KCEICV.txt
images-table:	cert/Images.txt
nvcounter-val:	1
cert-pkg:	cert/ICVSBContent.crt
2024-02-06 15:47:41,467 - **** Creating Content Certificate ****
2024-02-06 15:47:41,504 - **** Certificate file (context) creation has been completed successfully ****
2024-02-06 15:47:45,092 - Content Certificate Generation Utility started (Logging to sb_content_cert.log)
2024-02-06 15:47:45,093 - Parsing config file: cert\cfg\ICVSBContent.cfg
2024-02-06 15:47:45,094 - Parsed config items:
cert-keypair:	cert/key/ICVSBContent.pem
cert-keypair-pwd:	cert/key/ICVSBContent.pwd
load-verify-scheme:	0
crypto-type:	0
aes-ce-id:	0
aes-enc-key:	cert/key/KCEICV.txt
images-table:	cert/Images.txt
nvcounter-val:	1
cert-pkg:	cert/ICVSBContent.crt
2024-02-06 15:47:45,094 - **** Creating Content Certificate ****
2024-02-06 15:47:45,120 - **** Certificate file (context) creation has been completed successfully ****
2024-02-06 15:47:48,397 - Content Certificate Generation Utility started (Logging to sb_content_cert.log)
2024-02-06 15:47:48,398 - Parsing config file: cert\cfg\ICVSBContent.cfg
2024-02-06 15:47:48,399 - Parsed config items:
cert-keypair:	cert/key/ICVSBContent.pem
cert-keypair-pwd:	cert/key/ICVSBContent.pwd
load-verify-scheme:	0
crypto-type:	0
aes-ce-id:	0
aes-enc-key:	cert/key/KCEICV.txt
images-table:	cert/Images.txt
nvcounter-val:	1
cert-pkg:	cert/ICVSBContent.crt
2024-02-06 15:47:48,400 - **** Creating Content Certificate ****
2024-02-06 15:47:48,424 - **** Certificate file (context) creation has been completed successfully ****
2024-02-06 15:47:51,370 - Content Certificate Generation Utility started (Logging to sb_content_cert.log)
2024-02-06 15:47:51,371 - Parsing config file: cert\cfg\ICVSBContent.cfg
2024-02-06 15:47:51,372 - Parsed config items:
cert-keypair:	cert/key/ICVSBContent.pem
cert-keypair-pwd:	cert/key/ICVSBContent.pwd
load-verify-scheme:	0
crypto-type:	0
aes-ce-id:	0
aes-enc-key:	cert/key/KCEICV.txt
images-table:	cert/Images.txt
nvcounter-val:	1
cert-pkg:	cert/ICVSBContent.crt
2024-02-06 15:47:51,372 - **** Creating Content Certificate ****
2024-02-06 15:47:51,405 - **** Certificate file (context) creation has been completed successfully ****
2024-02-06 15:47:58,351 - Content Certificate Generation Utility started (Logging to sb_content_cert.log)
2024-02-06 15:47:58,352 - Parsing config file: cert\cfg\ICVSBContent.cfg
2024-02-06 15:47:58,353 - Parsed config items:
cert-keypair:	cert/key/ICVSBContent.pem
cert-keypair-pwd:	cert/key/ICVSBContent.pwd
load-verify-scheme:	0
crypto-type:	0
aes-ce-id:	0
aes-enc-key:	cert/key/KCEICV.txt
images-table:	cert/Images.txt
nvcounter-val:	1
cert-pkg:	cert/ICVSBContent.crt
2024-02-06 15:47:58,354 - **** Creating Content Certificate ****
2024-02-06 15:47:58,389 - **** Certificate file (context) creation has been completed successfully ****
2024-02-06 15:58:39,891 - Content Certificate Generation Utility started (Logging to sb_content_cert.log)
2024-02-06 15:58:39,892 - Parsing config file: cert\cfg\ICVSBContent.cfg
2024-02-06 15:58:39,904 - Parsed config items:
cert-keypair:	cert/key/ICVSBContent.pem
cert-keypair-pwd:	cert/key/ICVSBContent.pwd
load-verify-scheme:	0
crypto-type:	0
aes-ce-id:	0
aes-enc-key:	cert/key/KCEICV.txt
images-table:	cert/Images.txt
nvcounter-val:	1
cert-pkg:	cert/ICVSBContent.crt
2024-02-06 15:58:39,907 - **** Creating Content Certificate ****
2024-02-06 15:58:39,953 - **** Certificate file (context) creation has been completed successfully ****
2024-02-06 15:58:42,368 - Content Certificate Generation Utility started (Logging to sb_content_cert.log)
2024-02-06 15:58:42,368 - Parsing config file: cert\cfg\ICVSBContent.cfg
2024-02-06 15:58:42,369 - Parsed config items:
cert-keypair:	cert/key/ICVSBContent.pem
cert-keypair-pwd:	cert/key/ICVSBContent.pwd
load-verify-scheme:	0
crypto-type:	0
aes-ce-id:	0
aes-enc-key:	cert/key/KCEICV.txt
images-table:	cert/Images.txt
nvcounter-val:	1
cert-pkg:	cert/ICVSBContent.crt
2024-02-06 15:58:42,370 - **** Creating Content Certificate ****
2024-02-06 15:58:42,402 - **** Certificate file (context) creation has been completed successfully ****
2024-02-06 15:58:45,157 - Content Certificate Generation Utility started (Logging to sb_content_cert.log)
2024-02-06 15:58:45,157 - Parsing config file: cert\cfg\ICVSBContent.cfg
2024-02-06 15:58:45,158 - Parsed config items:
cert-keypair:	cert/key/ICVSBContent.pem
cert-keypair-pwd:	cert/key/ICVSBContent.pwd
load-verify-scheme:	0
crypto-type:	0
aes-ce-id:	0
aes-enc-key:	cert/key/KCEICV.txt
images-table:	cert/Images.txt
nvcounter-val:	1
cert-pkg:	cert/ICVSBContent.crt
2024-02-06 15:58:45,158 - **** Creating Content Certificate ****
2024-02-06 15:58:45,181 - **** Certificate file (context) creation has been completed successfully ****
2024-02-06 15:58:47,668 - Content Certificate Generation Utility started (Logging to sb_content_cert.log)
2024-02-06 15:58:47,669 - Parsing config file: cert\cfg\ICVSBContent.cfg
2024-02-06 15:58:47,669 - Parsed config items:
cert-keypair:	cert/key/ICVSBContent.pem
cert-keypair-pwd:	cert/key/ICVSBContent.pwd
load-verify-scheme:	0
crypto-type:	0
aes-ce-id:	0
aes-enc-key:	cert/key/KCEICV.txt
images-table:	cert/Images.txt
nvcounter-val:	1
cert-pkg:	cert/ICVSBContent.crt
2024-02-06 15:58:47,670 - **** Creating Content Certificate ****
2024-02-06 15:58:47,695 - **** Certificate file (context) creation has been completed successfully ****
2024-02-06 15:58:49,762 - Content Certificate Generation Utility started (Logging to sb_content_cert.log)
2024-02-06 15:58:49,762 - Parsing config file: cert\cfg\ICVSBContent.cfg
2024-02-06 15:58:49,763 - Parsed config items:
cert-keypair:	cert/key/ICVSBContent.pem
cert-keypair-pwd:	cert/key/ICVSBContent.pwd
load-verify-scheme:	0
crypto-type:	0
aes-ce-id:	0
aes-enc-key:	cert/key/KCEICV.txt
images-table:	cert/Images.txt
nvcounter-val:	1
cert-pkg:	cert/ICVSBContent.crt
2024-02-06 15:58:49,764 - **** Creating Content Certificate ****
2024-02-06 15:58:49,793 - **** Certificate file (context) creation has been completed successfully ****
2024-02-06 15:58:55,282 - Content Certificate Generation Utility started (Logging to sb_content_cert.log)
2024-02-06 15:58:55,282 - Parsing config file: cert\cfg\ICVSBContent.cfg
2024-02-06 15:58:55,283 - Parsed config items:
cert-keypair:	cert/key/ICVSBContent.pem
cert-keypair-pwd:	cert/key/ICVSBContent.pwd
load-verify-scheme:	0
crypto-type:	0
aes-ce-id:	0
aes-enc-key:	cert/key/KCEICV.txt
images-table:	cert/Images.txt
nvcounter-val:	1
cert-pkg:	cert/ICVSBContent.crt
2024-02-06 15:58:55,284 - **** Creating Content Certificate ****
2024-02-06 15:58:55,301 - **** Certificate file (context) creation has been completed successfully ****
2024-02-07 10:13:08,089 - Content Certificate Generation Utility started (Logging to sb_content_cert.log)
2024-02-07 10:13:08,090 - Parsing config file: cert\cfg\ICVSBContent.cfg
2024-02-07 10:13:08,099 - Parsed config items:
cert-keypair:	cert/key/ICVSBContent.pem
cert-keypair-pwd:	cert/key/ICVSBContent.pwd
load-verify-scheme:	0
crypto-type:	0
aes-ce-id:	0
aes-enc-key:	cert/key/KCEICV.txt
images-table:	cert/Images.txt
nvcounter-val:	1
cert-pkg:	cert/ICVSBContent.crt
2024-02-07 10:13:08,099 - **** Creating Content Certificate ****
2024-02-07 10:13:08,145 - **** Certificate file (context) creation has been completed successfully ****
2024-02-07 10:13:10,571 - Content Certificate Generation Utility started (Logging to sb_content_cert.log)
2024-02-07 10:13:10,572 - Parsing config file: cert\cfg\ICVSBContent.cfg
2024-02-07 10:13:10,573 - Parsed config items:
cert-keypair:	cert/key/ICVSBContent.pem
cert-keypair-pwd:	cert/key/ICVSBContent.pwd
load-verify-scheme:	0
crypto-type:	0
aes-ce-id:	0
aes-enc-key:	cert/key/KCEICV.txt
images-table:	cert/Images.txt
nvcounter-val:	1
cert-pkg:	cert/ICVSBContent.crt
2024-02-07 10:13:10,573 - **** Creating Content Certificate ****
2024-02-07 10:13:10,606 - **** Certificate file (context) creation has been completed successfully ****
2024-02-07 10:13:13,892 - Content Certificate Generation Utility started (Logging to sb_content_cert.log)
2024-02-07 10:13:13,893 - Parsing config file: cert\cfg\ICVSBContent.cfg
2024-02-07 10:13:13,894 - Parsed config items:
cert-keypair:	cert/key/ICVSBContent.pem
cert-keypair-pwd:	cert/key/ICVSBContent.pwd
load-verify-scheme:	0
crypto-type:	0
aes-ce-id:	0
aes-enc-key:	cert/key/KCEICV.txt
images-table:	cert/Images.txt
nvcounter-val:	1
cert-pkg:	cert/ICVSBContent.crt
2024-02-07 10:13:13,894 - **** Creating Content Certificate ****
2024-02-07 10:13:13,929 - **** Certificate file (context) creation has been completed successfully ****
2024-02-07 10:13:16,397 - Content Certificate Generation Utility started (Logging to sb_content_cert.log)
2024-02-07 10:13:16,398 - Parsing config file: cert\cfg\ICVSBContent.cfg
2024-02-07 10:13:16,399 - Parsed config items:
cert-keypair:	cert/key/ICVSBContent.pem
cert-keypair-pwd:	cert/key/ICVSBContent.pwd
load-verify-scheme:	0
crypto-type:	0
aes-ce-id:	0
aes-enc-key:	cert/key/KCEICV.txt
images-table:	cert/Images.txt
nvcounter-val:	1
cert-pkg:	cert/ICVSBContent.crt
2024-02-07 10:13:16,399 - **** Creating Content Certificate ****
2024-02-07 10:13:16,420 - **** Certificate file (context) creation has been completed successfully ****
2024-02-07 10:13:19,366 - Content Certificate Generation Utility started (Logging to sb_content_cert.log)
2024-02-07 10:13:19,367 - Parsing config file: cert\cfg\ICVSBContent.cfg
2024-02-07 10:13:19,368 - Parsed config items:
cert-keypair:	cert/key/ICVSBContent.pem
cert-keypair-pwd:	cert/key/ICVSBContent.pwd
load-verify-scheme:	0
crypto-type:	0
aes-ce-id:	0
aes-enc-key:	cert/key/KCEICV.txt
images-table:	cert/Images.txt
nvcounter-val:	1
cert-pkg:	cert/ICVSBContent.crt
2024-02-07 10:13:19,368 - **** Creating Content Certificate ****
2024-02-07 10:13:19,402 - **** Certificate file (context) creation has been completed successfully ****
2024-02-07 10:13:25,620 - Content Certificate Generation Utility started (Logging to sb_content_cert.log)
2024-02-07 10:13:25,621 - Parsing config file: cert\cfg\ICVSBContent.cfg
2024-02-07 10:13:25,622 - Parsed config items:
cert-keypair:	cert/key/ICVSBContent.pem
cert-keypair-pwd:	cert/key/ICVSBContent.pwd
load-verify-scheme:	0
crypto-type:	0
aes-ce-id:	0
aes-enc-key:	cert/key/KCEICV.txt
images-table:	cert/Images.txt
nvcounter-val:	1
cert-pkg:	cert/ICVSBContent.crt
2024-02-07 10:13:25,623 - **** Creating Content Certificate ****
2024-02-07 10:13:25,645 - **** Certificate file (context) creation has been completed successfully ****
2024-02-07 10:27:12,506 - Content Certificate Generation Utility started (Logging to sb_content_cert.log)
2024-02-07 10:27:12,507 - Parsing config file: cert\cfg\ICVSBContent.cfg
2024-02-07 10:27:12,521 - Parsed config items:
cert-keypair:	cert/key/ICVSBContent.pem
cert-keypair-pwd:	cert/key/ICVSBContent.pwd
load-verify-scheme:	0
crypto-type:	0
aes-ce-id:	0
aes-enc-key:	cert/key/KCEICV.txt
images-table:	cert/Images.txt
nvcounter-val:	1
cert-pkg:	cert/ICVSBContent.crt
2024-02-07 10:27:12,522 - **** Creating Content Certificate ****
2024-02-07 10:27:12,550 - **** Certificate file (context) creation has been completed successfully ****
2024-02-07 10:27:15,874 - Content Certificate Generation Utility started (Logging to sb_content_cert.log)
2024-02-07 10:27:15,874 - Parsing config file: cert\cfg\ICVSBContent.cfg
2024-02-07 10:27:15,876 - Parsed config items:
cert-keypair:	cert/key/ICVSBContent.pem
cert-keypair-pwd:	cert/key/ICVSBContent.pwd
load-verify-scheme:	0
crypto-type:	0
aes-ce-id:	0
aes-enc-key:	cert/key/KCEICV.txt
images-table:	cert/Images.txt
nvcounter-val:	1
cert-pkg:	cert/ICVSBContent.crt
2024-02-07 10:27:15,878 - **** Creating Content Certificate ****
2024-02-07 10:27:15,919 - **** Certificate file (context) creation has been completed successfully ****
2024-02-07 10:27:20,317 - Content Certificate Generation Utility started (Logging to sb_content_cert.log)
2024-02-07 10:27:20,320 - Parsing config file: cert\cfg\ICVSBContent.cfg
2024-02-07 10:27:20,322 - Parsed config items:
cert-keypair:	cert/key/ICVSBContent.pem
cert-keypair-pwd:	cert/key/ICVSBContent.pwd
load-verify-scheme:	0
crypto-type:	0
aes-ce-id:	0
aes-enc-key:	cert/key/KCEICV.txt
images-table:	cert/Images.txt
nvcounter-val:	1
cert-pkg:	cert/ICVSBContent.crt
2024-02-07 10:27:20,323 - **** Creating Content Certificate ****
2024-02-07 10:27:20,360 - **** Certificate file (context) creation has been completed successfully ****
2024-02-07 10:27:23,376 - Content Certificate Generation Utility started (Logging to sb_content_cert.log)
2024-02-07 10:27:23,377 - Parsing config file: cert\cfg\ICVSBContent.cfg
2024-02-07 10:27:23,377 - Parsed config items:
cert-keypair:	cert/key/ICVSBContent.pem
cert-keypair-pwd:	cert/key/ICVSBContent.pwd
load-verify-scheme:	0
crypto-type:	0
aes-ce-id:	0
aes-enc-key:	cert/key/KCEICV.txt
images-table:	cert/Images.txt
nvcounter-val:	1
cert-pkg:	cert/ICVSBContent.crt
2024-02-07 10:27:23,378 - **** Creating Content Certificate ****
2024-02-07 10:27:23,405 - **** Certificate file (context) creation has been completed successfully ****
2024-02-07 10:27:26,252 - Content Certificate Generation Utility started (Logging to sb_content_cert.log)
2024-02-07 10:27:26,253 - Parsing config file: cert\cfg\ICVSBContent.cfg
2024-02-07 10:27:26,254 - Parsed config items:
cert-keypair:	cert/key/ICVSBContent.pem
cert-keypair-pwd:	cert/key/ICVSBContent.pwd
load-verify-scheme:	0
crypto-type:	0
aes-ce-id:	0
aes-enc-key:	cert/key/KCEICV.txt
images-table:	cert/Images.txt
nvcounter-val:	1
cert-pkg:	cert/ICVSBContent.crt
2024-02-07 10:27:26,254 - **** Creating Content Certificate ****
2024-02-07 10:27:26,277 - **** Certificate file (context) creation has been completed successfully ****
2024-02-07 10:27:33,256 - Content Certificate Generation Utility started (Logging to sb_content_cert.log)
2024-02-07 10:27:33,256 - Parsing config file: cert\cfg\ICVSBContent.cfg
2024-02-07 10:27:33,257 - Parsed config items:
cert-keypair:	cert/key/ICVSBContent.pem
cert-keypair-pwd:	cert/key/ICVSBContent.pwd
load-verify-scheme:	0
crypto-type:	0
aes-ce-id:	0
aes-enc-key:	cert/key/KCEICV.txt
images-table:	cert/Images.txt
nvcounter-val:	1
cert-pkg:	cert/ICVSBContent.crt
2024-02-07 10:27:33,257 - **** Creating Content Certificate ****
2024-02-07 10:27:33,288 - **** Certificate file (context) creation has been completed successfully ****
2024-02-07 10:44:36,152 - Content Certificate Generation Utility started (Logging to sb_content_cert.log)
2024-02-07 10:44:36,155 - Parsing config file: cert\cfg\ICVSBContent.cfg
2024-02-07 10:44:36,166 - Parsed config items:
cert-keypair:	cert/key/ICVSBContent.pem
cert-keypair-pwd:	cert/key/ICVSBContent.pwd
load-verify-scheme:	0
crypto-type:	0
aes-ce-id:	0
aes-enc-key:	cert/key/KCEICV.txt
images-table:	cert/Images.txt
nvcounter-val:	1
cert-pkg:	cert/ICVSBContent.crt
2024-02-07 10:44:36,167 - **** Creating Content Certificate ****
2024-02-07 10:44:36,206 - **** Certificate file (context) creation has been completed successfully ****
2024-02-07 10:44:38,357 - Content Certificate Generation Utility started (Logging to sb_content_cert.log)
2024-02-07 10:44:38,358 - Parsing config file: cert\cfg\ICVSBContent.cfg
2024-02-07 10:44:38,359 - Parsed config items:
cert-keypair:	cert/key/ICVSBContent.pem
cert-keypair-pwd:	cert/key/ICVSBContent.pwd
load-verify-scheme:	0
crypto-type:	0
aes-ce-id:	0
aes-enc-key:	cert/key/KCEICV.txt
images-table:	cert/Images.txt
nvcounter-val:	1
cert-pkg:	cert/ICVSBContent.crt
2024-02-07 10:44:38,359 - **** Creating Content Certificate ****
2024-02-07 10:44:38,385 - **** Certificate file (context) creation has been completed successfully ****
2024-02-07 10:44:41,376 - Content Certificate Generation Utility started (Logging to sb_content_cert.log)
2024-02-07 10:44:41,376 - Parsing config file: cert\cfg\ICVSBContent.cfg
2024-02-07 10:44:41,379 - Parsed config items:
cert-keypair:	cert/key/ICVSBContent.pem
cert-keypair-pwd:	cert/key/ICVSBContent.pwd
load-verify-scheme:	0
crypto-type:	0
aes-ce-id:	0
aes-enc-key:	cert/key/KCEICV.txt
images-table:	cert/Images.txt
nvcounter-val:	1
cert-pkg:	cert/ICVSBContent.crt
2024-02-07 10:44:41,379 - **** Creating Content Certificate ****
2024-02-07 10:44:41,411 - **** Certificate file (context) creation has been completed successfully ****
2024-02-07 10:44:43,911 - Content Certificate Generation Utility started (Logging to sb_content_cert.log)
2024-02-07 10:44:43,911 - Parsing config file: cert\cfg\ICVSBContent.cfg
2024-02-07 10:44:43,913 - Parsed config items:
cert-keypair:	cert/key/ICVSBContent.pem
cert-keypair-pwd:	cert/key/ICVSBContent.pwd
load-verify-scheme:	0
crypto-type:	0
aes-ce-id:	0
aes-enc-key:	cert/key/KCEICV.txt
images-table:	cert/Images.txt
nvcounter-val:	1
cert-pkg:	cert/ICVSBContent.crt
2024-02-07 10:44:43,914 - **** Creating Content Certificate ****
2024-02-07 10:44:43,938 - **** Certificate file (context) creation has been completed successfully ****
2024-02-07 10:44:46,940 - Content Certificate Generation Utility started (Logging to sb_content_cert.log)
2024-02-07 10:44:46,940 - Parsing config file: cert\cfg\ICVSBContent.cfg
2024-02-07 10:44:46,941 - Parsed config items:
cert-keypair:	cert/key/ICVSBContent.pem
cert-keypair-pwd:	cert/key/ICVSBContent.pwd
load-verify-scheme:	0
crypto-type:	0
aes-ce-id:	0
aes-enc-key:	cert/key/KCEICV.txt
images-table:	cert/Images.txt
nvcounter-val:	1
cert-pkg:	cert/ICVSBContent.crt
2024-02-07 10:44:46,942 - **** Creating Content Certificate ****
2024-02-07 10:44:46,970 - **** Certificate file (context) creation has been completed successfully ****
2024-02-07 10:44:50,260 - Content Certificate Generation Utility started (Logging to sb_content_cert.log)
2024-02-07 10:44:50,260 - Parsing config file: cert\cfg\ICVSBContent.cfg
2024-02-07 10:44:50,261 - Parsed config items:
cert-keypair:	cert/key/ICVSBContent.pem
cert-keypair-pwd:	cert/key/ICVSBContent.pwd
load-verify-scheme:	0
crypto-type:	0
aes-ce-id:	0
aes-enc-key:	cert/key/KCEICV.txt
images-table:	cert/Images.txt
nvcounter-val:	1
cert-pkg:	cert/ICVSBContent.crt
2024-02-07 10:44:50,262 - **** Creating Content Certificate ****
2024-02-07 10:44:50,278 - **** Certificate file (context) creation has been completed successfully ****
2024-02-07 10:50:01,191 - Content Certificate Generation Utility started (Logging to sb_content_cert.log)
2024-02-07 10:50:01,192 - Parsing config file: cert\cfg\ICVSBContent.cfg
2024-02-07 10:50:01,192 - Parsed config items:
cert-keypair:	cert/key/ICVSBContent.pem
cert-keypair-pwd:	cert/key/ICVSBContent.pwd
load-verify-scheme:	0
crypto-type:	0
aes-ce-id:	0
aes-enc-key:	cert/key/KCEICV.txt
images-table:	cert/Images.txt
nvcounter-val:	1
cert-pkg:	cert/ICVSBContent.crt
2024-02-07 10:50:01,193 - **** Creating Content Certificate ****
2024-02-07 10:50:01,220 - **** Certificate file (context) creation has been completed successfully ****
2024-02-07 10:50:03,600 - Content Certificate Generation Utility started (Logging to sb_content_cert.log)
2024-02-07 10:50:03,601 - Parsing config file: cert\cfg\ICVSBContent.cfg
2024-02-07 10:50:03,602 - Parsed config items:
cert-keypair:	cert/key/ICVSBContent.pem
cert-keypair-pwd:	cert/key/ICVSBContent.pwd
load-verify-scheme:	0
crypto-type:	0
aes-ce-id:	0
aes-enc-key:	cert/key/KCEICV.txt
images-table:	cert/Images.txt
nvcounter-val:	1
cert-pkg:	cert/ICVSBContent.crt
2024-02-07 10:50:03,602 - **** Creating Content Certificate ****
2024-02-07 10:50:03,631 - **** Certificate file (context) creation has been completed successfully ****
2024-02-07 10:50:06,828 - Content Certificate Generation Utility started (Logging to sb_content_cert.log)
2024-02-07 10:50:06,828 - Parsing config file: cert\cfg\ICVSBContent.cfg
2024-02-07 10:50:06,829 - Parsed config items:
cert-keypair:	cert/key/ICVSBContent.pem
cert-keypair-pwd:	cert/key/ICVSBContent.pwd
load-verify-scheme:	0
crypto-type:	0
aes-ce-id:	0
aes-enc-key:	cert/key/KCEICV.txt
images-table:	cert/Images.txt
nvcounter-val:	1
cert-pkg:	cert/ICVSBContent.crt
2024-02-07 10:50:06,829 - **** Creating Content Certificate ****
2024-02-07 10:50:06,852 - **** Certificate file (context) creation has been completed successfully ****
2024-02-07 10:50:09,153 - Content Certificate Generation Utility started (Logging to sb_content_cert.log)
2024-02-07 10:50:09,156 - Parsing config file: cert\cfg\ICVSBContent.cfg
2024-02-07 10:50:09,157 - Parsed config items:
cert-keypair:	cert/key/ICVSBContent.pem
cert-keypair-pwd:	cert/key/ICVSBContent.pwd
load-verify-scheme:	0
crypto-type:	0
aes-ce-id:	0
aes-enc-key:	cert/key/KCEICV.txt
images-table:	cert/Images.txt
nvcounter-val:	1
cert-pkg:	cert/ICVSBContent.crt
2024-02-07 10:50:09,157 - **** Creating Content Certificate ****
2024-02-07 10:50:09,188 - **** Certificate file (context) creation has been completed successfully ****
2024-02-07 10:50:11,744 - Content Certificate Generation Utility started (Logging to sb_content_cert.log)
2024-02-07 10:50:11,745 - Parsing config file: cert\cfg\ICVSBContent.cfg
2024-02-07 10:50:11,745 - Parsed config items:
cert-keypair:	cert/key/ICVSBContent.pem
cert-keypair-pwd:	cert/key/ICVSBContent.pwd
load-verify-scheme:	0
crypto-type:	0
aes-ce-id:	0
aes-enc-key:	cert/key/KCEICV.txt
images-table:	cert/Images.txt
nvcounter-val:	1
cert-pkg:	cert/ICVSBContent.crt
2024-02-07 10:50:11,746 - **** Creating Content Certificate ****
2024-02-07 10:50:11,761 - **** Certificate file (context) creation has been completed successfully ****
2024-02-07 10:50:14,284 - Content Certificate Generation Utility started (Logging to sb_content_cert.log)
2024-02-07 10:50:14,285 - Parsing config file: cert\cfg\ICVSBContent.cfg
2024-02-07 10:50:14,285 - Parsed config items:
cert-keypair:	cert/key/ICVSBContent.pem
cert-keypair-pwd:	cert/key/ICVSBContent.pwd
load-verify-scheme:	0
crypto-type:	0
aes-ce-id:	0
aes-enc-key:	cert/key/KCEICV.txt
images-table:	cert/Images.txt
nvcounter-val:	1
cert-pkg:	cert/ICVSBContent.crt
2024-02-07 10:50:14,286 - **** Creating Content Certificate ****
2024-02-07 10:50:14,302 - **** Certificate file (context) creation has been completed successfully ****
2024-02-07 10:56:08,321 - Content Certificate Generation Utility started (Logging to sb_content_cert.log)
2024-02-07 10:56:08,325 - Parsing config file: cert\cfg\ICVSBContent.cfg
2024-02-07 10:56:08,326 - Parsed config items:
cert-keypair:	cert/key/ICVSBContent.pem
cert-keypair-pwd:	cert/key/ICVSBContent.pwd
load-verify-scheme:	0
crypto-type:	0
aes-ce-id:	0
aes-enc-key:	cert/key/KCEICV.txt
images-table:	cert/Images.txt
nvcounter-val:	1
cert-pkg:	cert/ICVSBContent.crt
2024-02-07 10:56:08,327 - **** Creating Content Certificate ****
2024-02-07 10:56:08,357 - **** Certificate file (context) creation has been completed successfully ****
2024-02-07 10:56:10,933 - Content Certificate Generation Utility started (Logging to sb_content_cert.log)
2024-02-07 10:56:10,934 - Parsing config file: cert\cfg\ICVSBContent.cfg
2024-02-07 10:56:10,934 - Parsed config items:
cert-keypair:	cert/key/ICVSBContent.pem
cert-keypair-pwd:	cert/key/ICVSBContent.pwd
load-verify-scheme:	0
crypto-type:	0
aes-ce-id:	0
aes-enc-key:	cert/key/KCEICV.txt
images-table:	cert/Images.txt
nvcounter-val:	1
cert-pkg:	cert/ICVSBContent.crt
2024-02-07 10:56:10,935 - **** Creating Content Certificate ****
2024-02-07 10:56:10,957 - **** Certificate file (context) creation has been completed successfully ****
2024-02-07 10:56:14,475 - Content Certificate Generation Utility started (Logging to sb_content_cert.log)
2024-02-07 10:56:14,476 - Parsing config file: cert\cfg\ICVSBContent.cfg
2024-02-07 10:56:14,476 - Parsed config items:
cert-keypair:	cert/key/ICVSBContent.pem
cert-keypair-pwd:	cert/key/ICVSBContent.pwd
load-verify-scheme:	0
crypto-type:	0
aes-ce-id:	0
aes-enc-key:	cert/key/KCEICV.txt
images-table:	cert/Images.txt
nvcounter-val:	1
cert-pkg:	cert/ICVSBContent.crt
2024-02-07 10:56:14,477 - **** Creating Content Certificate ****
2024-02-07 10:56:14,501 - **** Certificate file (context) creation has been completed successfully ****
2024-02-07 10:56:16,974 - Content Certificate Generation Utility started (Logging to sb_content_cert.log)
2024-02-07 10:56:16,975 - Parsing config file: cert\cfg\ICVSBContent.cfg
2024-02-07 10:56:16,975 - Parsed config items:
cert-keypair:	cert/key/ICVSBContent.pem
cert-keypair-pwd:	cert/key/ICVSBContent.pwd
load-verify-scheme:	0
crypto-type:	0
aes-ce-id:	0
aes-enc-key:	cert/key/KCEICV.txt
images-table:	cert/Images.txt
nvcounter-val:	1
cert-pkg:	cert/ICVSBContent.crt
2024-02-07 10:56:16,976 - **** Creating Content Certificate ****
2024-02-07 10:56:16,997 - **** Certificate file (context) creation has been completed successfully ****
2024-02-07 10:56:19,998 - Content Certificate Generation Utility started (Logging to sb_content_cert.log)
2024-02-07 10:56:19,999 - Parsing config file: cert\cfg\ICVSBContent.cfg
2024-02-07 10:56:19,999 - Parsed config items:
cert-keypair:	cert/key/ICVSBContent.pem
cert-keypair-pwd:	cert/key/ICVSBContent.pwd
load-verify-scheme:	0
crypto-type:	0
aes-ce-id:	0
aes-enc-key:	cert/key/KCEICV.txt
images-table:	cert/Images.txt
nvcounter-val:	1
cert-pkg:	cert/ICVSBContent.crt
2024-02-07 10:56:20,000 - **** Creating Content Certificate ****
2024-02-07 10:56:20,022 - **** Certificate file (context) creation has been completed successfully ****
2024-02-07 10:56:23,069 - Content Certificate Generation Utility started (Logging to sb_content_cert.log)
2024-02-07 10:56:23,069 - Parsing config file: cert\cfg\ICVSBContent.cfg
2024-02-07 10:56:23,070 - Parsed config items:
cert-keypair:	cert/key/ICVSBContent.pem
cert-keypair-pwd:	cert/key/ICVSBContent.pwd
load-verify-scheme:	0
crypto-type:	0
aes-ce-id:	0
aes-enc-key:	cert/key/KCEICV.txt
images-table:	cert/Images.txt
nvcounter-val:	1
cert-pkg:	cert/ICVSBContent.crt
2024-02-07 10:56:23,070 - **** Creating Content Certificate ****
2024-02-07 10:56:23,095 - **** Certificate file (context) creation has been completed successfully ****
2024-02-07 11:04:19,609 - Content Certificate Generation Utility started (Logging to sb_content_cert.log)
2024-02-07 11:04:19,610 - Parsing config file: cert\cfg\ICVSBContent.cfg
2024-02-07 11:04:19,621 - Parsed config items:
cert-keypair:	cert/key/ICVSBContent.pem
cert-keypair-pwd:	cert/key/ICVSBContent.pwd
load-verify-scheme:	0
crypto-type:	0
aes-ce-id:	0
aes-enc-key:	cert/key/KCEICV.txt
images-table:	cert/Images.txt
nvcounter-val:	1
cert-pkg:	cert/ICVSBContent.crt
2024-02-07 11:04:19,622 - **** Creating Content Certificate ****
2024-02-07 11:04:19,680 - **** Certificate file (context) creation has been completed successfully ****
2024-02-07 11:04:22,298 - Content Certificate Generation Utility started (Logging to sb_content_cert.log)
2024-02-07 11:04:22,299 - Parsing config file: cert\cfg\ICVSBContent.cfg
2024-02-07 11:04:22,301 - Parsed config items:
cert-keypair:	cert/key/ICVSBContent.pem
cert-keypair-pwd:	cert/key/ICVSBContent.pwd
load-verify-scheme:	0
crypto-type:	0
aes-ce-id:	0
aes-enc-key:	cert/key/KCEICV.txt
images-table:	cert/Images.txt
nvcounter-val:	1
cert-pkg:	cert/ICVSBContent.crt
2024-02-07 11:04:22,304 - **** Creating Content Certificate ****
2024-02-07 11:04:22,342 - **** Certificate file (context) creation has been completed successfully ****
2024-02-07 11:04:26,056 - Content Certificate Generation Utility started (Logging to sb_content_cert.log)
2024-02-07 11:04:26,057 - Parsing config file: cert\cfg\ICVSBContent.cfg
2024-02-07 11:04:26,058 - Parsed config items:
cert-keypair:	cert/key/ICVSBContent.pem
cert-keypair-pwd:	cert/key/ICVSBContent.pwd
load-verify-scheme:	0
crypto-type:	0
aes-ce-id:	0
aes-enc-key:	cert/key/KCEICV.txt
images-table:	cert/Images.txt
nvcounter-val:	1
cert-pkg:	cert/ICVSBContent.crt
2024-02-07 11:04:26,058 - **** Creating Content Certificate ****
2024-02-07 11:04:26,082 - **** Certificate file (context) creation has been completed successfully ****
2024-02-07 11:04:29,253 - Content Certificate Generation Utility started (Logging to sb_content_cert.log)
2024-02-07 11:04:29,254 - Parsing config file: cert\cfg\ICVSBContent.cfg
2024-02-07 11:04:29,256 - Parsed config items:
cert-keypair:	cert/key/ICVSBContent.pem
cert-keypair-pwd:	cert/key/ICVSBContent.pwd
load-verify-scheme:	0
crypto-type:	0
aes-ce-id:	0
aes-enc-key:	cert/key/KCEICV.txt
images-table:	cert/Images.txt
nvcounter-val:	1
cert-pkg:	cert/ICVSBContent.crt
2024-02-07 11:04:29,257 - **** Creating Content Certificate ****
2024-02-07 11:04:29,302 - **** Certificate file (context) creation has been completed successfully ****
2024-02-07 11:04:32,790 - Content Certificate Generation Utility started (Logging to sb_content_cert.log)
2024-02-07 11:04:32,791 - Parsing config file: cert\cfg\ICVSBContent.cfg
2024-02-07 11:04:32,793 - Parsed config items:
cert-keypair:	cert/key/ICVSBContent.pem
cert-keypair-pwd:	cert/key/ICVSBContent.pwd
load-verify-scheme:	0
crypto-type:	0
aes-ce-id:	0
aes-enc-key:	cert/key/KCEICV.txt
images-table:	cert/Images.txt
nvcounter-val:	1
cert-pkg:	cert/ICVSBContent.crt
2024-02-07 11:04:32,793 - **** Creating Content Certificate ****
2024-02-07 11:04:32,824 - **** Certificate file (context) creation has been completed successfully ****
2024-02-07 11:04:35,910 - Content Certificate Generation Utility started (Logging to sb_content_cert.log)
2024-02-07 11:04:35,910 - Parsing config file: cert\cfg\ICVSBContent.cfg
2024-02-07 11:04:35,911 - Parsed config items:
cert-keypair:	cert/key/ICVSBContent.pem
cert-keypair-pwd:	cert/key/ICVSBContent.pwd
load-verify-scheme:	0
crypto-type:	0
aes-ce-id:	0
aes-enc-key:	cert/key/KCEICV.txt
images-table:	cert/Images.txt
nvcounter-val:	1
cert-pkg:	cert/ICVSBContent.crt
2024-02-07 11:04:35,911 - **** Creating Content Certificate ****
2024-02-07 11:04:35,931 - **** Certificate file (context) creation has been completed successfully ****
2024-02-07 11:23:04,119 - Content Certificate Generation Utility started (Logging to sb_content_cert.log)
2024-02-07 11:23:04,119 - Parsing config file: cert\cfg\ICVSBContent.cfg
2024-02-07 11:23:04,133 - Parsed config items:
cert-keypair:	cert/key/ICVSBContent.pem
cert-keypair-pwd:	cert/key/ICVSBContent.pwd
load-verify-scheme:	0
crypto-type:	0
aes-ce-id:	0
aes-enc-key:	cert/key/KCEICV.txt
images-table:	cert/Images.txt
nvcounter-val:	1
cert-pkg:	cert/ICVSBContent.crt
2024-02-07 11:23:04,133 - **** Creating Content Certificate ****
2024-02-07 11:23:04,177 - **** Certificate file (context) creation has been completed successfully ****
2024-02-07 11:23:07,121 - Content Certificate Generation Utility started (Logging to sb_content_cert.log)
2024-02-07 11:23:07,121 - Parsing config file: cert\cfg\ICVSBContent.cfg
2024-02-07 11:23:07,122 - Parsed config items:
cert-keypair:	cert/key/ICVSBContent.pem
cert-keypair-pwd:	cert/key/ICVSBContent.pwd
load-verify-scheme:	0
crypto-type:	0
aes-ce-id:	0
aes-enc-key:	cert/key/KCEICV.txt
images-table:	cert/Images.txt
nvcounter-val:	1
cert-pkg:	cert/ICVSBContent.crt
2024-02-07 11:23:07,123 - **** Creating Content Certificate ****
2024-02-07 11:23:07,162 - **** Certificate file (context) creation has been completed successfully ****
2024-02-07 11:23:11,994 - Content Certificate Generation Utility started (Logging to sb_content_cert.log)
2024-02-07 11:23:11,995 - Parsing config file: cert\cfg\ICVSBContent.cfg
2024-02-07 11:23:11,996 - Parsed config items:
cert-keypair:	cert/key/ICVSBContent.pem
cert-keypair-pwd:	cert/key/ICVSBContent.pwd
load-verify-scheme:	0
crypto-type:	0
aes-ce-id:	0
aes-enc-key:	cert/key/KCEICV.txt
images-table:	cert/Images.txt
nvcounter-val:	1
cert-pkg:	cert/ICVSBContent.crt
2024-02-07 11:23:11,997 - **** Creating Content Certificate ****
2024-02-07 11:23:12,022 - **** Certificate file (context) creation has been completed successfully ****
2024-02-07 11:23:14,486 - Content Certificate Generation Utility started (Logging to sb_content_cert.log)
2024-02-07 11:23:14,486 - Parsing config file: cert\cfg\ICVSBContent.cfg
2024-02-07 11:23:14,487 - Parsed config items:
cert-keypair:	cert/key/ICVSBContent.pem
cert-keypair-pwd:	cert/key/ICVSBContent.pwd
load-verify-scheme:	0
crypto-type:	0
aes-ce-id:	0
aes-enc-key:	cert/key/KCEICV.txt
images-table:	cert/Images.txt
nvcounter-val:	1
cert-pkg:	cert/ICVSBContent.crt
2024-02-07 11:23:14,487 - **** Creating Content Certificate ****
2024-02-07 11:23:14,515 - **** Certificate file (context) creation has been completed successfully ****
2024-02-07 11:23:17,425 - Content Certificate Generation Utility started (Logging to sb_content_cert.log)
2024-02-07 11:23:17,426 - Parsing config file: cert\cfg\ICVSBContent.cfg
2024-02-07 11:23:17,427 - Parsed config items:
cert-keypair:	cert/key/ICVSBContent.pem
cert-keypair-pwd:	cert/key/ICVSBContent.pwd
load-verify-scheme:	0
crypto-type:	0
aes-ce-id:	0
aes-enc-key:	cert/key/KCEICV.txt
images-table:	cert/Images.txt
nvcounter-val:	1
cert-pkg:	cert/ICVSBContent.crt
2024-02-07 11:23:17,427 - **** Creating Content Certificate ****
2024-02-07 11:23:17,462 - **** Certificate file (context) creation has been completed successfully ****
2024-02-07 11:23:20,665 - Content Certificate Generation Utility started (Logging to sb_content_cert.log)
2024-02-07 11:23:20,666 - Parsing config file: cert\cfg\ICVSBContent.cfg
2024-02-07 11:23:20,666 - Parsed config items:
cert-keypair:	cert/key/ICVSBContent.pem
cert-keypair-pwd:	cert/key/ICVSBContent.pwd
load-verify-scheme:	0
crypto-type:	0
aes-ce-id:	0
aes-enc-key:	cert/key/KCEICV.txt
images-table:	cert/Images.txt
nvcounter-val:	1
cert-pkg:	cert/ICVSBContent.crt
2024-02-07 11:23:20,667 - **** Creating Content Certificate ****
2024-02-07 11:23:20,685 - **** Certificate file (context) creation has been completed successfully ****
2024-02-07 14:08:11,906 - Content Certificate Generation Utility started (Logging to sb_content_cert.log)
2024-02-07 14:08:11,907 - Parsing config file: cert\cfg\ICVSBContent.cfg
2024-02-07 14:08:11,916 - Parsed config items:
cert-keypair:	cert/key/ICVSBContent.pem
cert-keypair-pwd:	cert/key/ICVSBContent.pwd
load-verify-scheme:	0
crypto-type:	0
aes-ce-id:	0
aes-enc-key:	cert/key/KCEICV.txt
images-table:	cert/Images.txt
nvcounter-val:	1
cert-pkg:	cert/ICVSBContent.crt
2024-02-07 14:08:11,917 - **** Creating Content Certificate ****
2024-02-07 14:08:11,954 - **** Certificate file (context) creation has been completed successfully ****
2024-02-07 14:08:14,217 - Content Certificate Generation Utility started (Logging to sb_content_cert.log)
2024-02-07 14:08:14,218 - Parsing config file: cert\cfg\ICVSBContent.cfg
2024-02-07 14:08:14,219 - Parsed config items:
cert-keypair:	cert/key/ICVSBContent.pem
cert-keypair-pwd:	cert/key/ICVSBContent.pwd
load-verify-scheme:	0
crypto-type:	0
aes-ce-id:	0
aes-enc-key:	cert/key/KCEICV.txt
images-table:	cert/Images.txt
nvcounter-val:	1
cert-pkg:	cert/ICVSBContent.crt
2024-02-07 14:08:14,219 - **** Creating Content Certificate ****
2024-02-07 14:08:14,248 - **** Certificate file (context) creation has been completed successfully ****
2024-02-07 14:08:17,246 - Content Certificate Generation Utility started (Logging to sb_content_cert.log)
2024-02-07 14:08:17,246 - Parsing config file: cert\cfg\ICVSBContent.cfg
2024-02-07 14:08:17,247 - Parsed config items:
cert-keypair:	cert/key/ICVSBContent.pem
cert-keypair-pwd:	cert/key/ICVSBContent.pwd
load-verify-scheme:	0
crypto-type:	0
aes-ce-id:	0
aes-enc-key:	cert/key/KCEICV.txt
images-table:	cert/Images.txt
nvcounter-val:	1
cert-pkg:	cert/ICVSBContent.crt
2024-02-07 14:08:17,247 - **** Creating Content Certificate ****
2024-02-07 14:08:17,267 - **** Certificate file (context) creation has been completed successfully ****
2024-02-07 14:08:19,491 - Content Certificate Generation Utility started (Logging to sb_content_cert.log)
2024-02-07 14:08:19,492 - Parsing config file: cert\cfg\ICVSBContent.cfg
2024-02-07 14:08:19,492 - Parsed config items:
cert-keypair:	cert/key/ICVSBContent.pem
cert-keypair-pwd:	cert/key/ICVSBContent.pwd
load-verify-scheme:	0
crypto-type:	0
aes-ce-id:	0
aes-enc-key:	cert/key/KCEICV.txt
images-table:	cert/Images.txt
nvcounter-val:	1
cert-pkg:	cert/ICVSBContent.crt
2024-02-07 14:08:19,493 - **** Creating Content Certificate ****
2024-02-07 14:08:19,509 - **** Certificate file (context) creation has been completed successfully ****
2024-02-07 14:08:21,313 - Content Certificate Generation Utility started (Logging to sb_content_cert.log)
2024-02-07 14:08:21,313 - Parsing config file: cert\cfg\ICVSBContent.cfg
2024-02-07 14:08:21,314 - Parsed config items:
cert-keypair:	cert/key/ICVSBContent.pem
cert-keypair-pwd:	cert/key/ICVSBContent.pwd
load-verify-scheme:	0
crypto-type:	0
aes-ce-id:	0
aes-enc-key:	cert/key/KCEICV.txt
images-table:	cert/Images.txt
nvcounter-val:	1
cert-pkg:	cert/ICVSBContent.crt
2024-02-07 14:08:21,315 - **** Creating Content Certificate ****
2024-02-07 14:08:21,345 - **** Certificate file (context) creation has been completed successfully ****
2024-02-07 14:08:25,308 - Content Certificate Generation Utility started (Logging to sb_content_cert.log)
2024-02-07 14:08:25,308 - Parsing config file: cert\cfg\ICVSBContent.cfg
2024-02-07 14:08:25,308 - Parsed config items:
cert-keypair:	cert/key/ICVSBContent.pem
cert-keypair-pwd:	cert/key/ICVSBContent.pwd
load-verify-scheme:	0
crypto-type:	0
aes-ce-id:	0
aes-enc-key:	cert/key/KCEICV.txt
images-table:	cert/Images.txt
nvcounter-val:	1
cert-pkg:	cert/ICVSBContent.crt
2024-02-07 14:08:25,309 - **** Creating Content Certificate ****
2024-02-07 14:08:25,324 - **** Certificate file (context) creation has been completed successfully ****
2024-02-07 14:11:25,159 - Content Certificate Generation Utility started (Logging to sb_content_cert.log)
2024-02-07 14:11:25,159 - Parsing config file: cert\cfg\ICVSBContent.cfg
2024-02-07 14:11:25,169 - Parsed config items:
cert-keypair:	cert/key/ICVSBContent.pem
cert-keypair-pwd:	cert/key/ICVSBContent.pwd
load-verify-scheme:	0
crypto-type:	0
aes-ce-id:	0
aes-enc-key:	cert/key/KCEICV.txt
images-table:	cert/Images.txt
nvcounter-val:	1
cert-pkg:	cert/ICVSBContent.crt
2024-02-07 14:11:25,169 - **** Creating Content Certificate ****
2024-02-07 14:11:25,195 - **** Certificate file (context) creation has been completed successfully ****
2024-02-07 14:11:27,582 - Content Certificate Generation Utility started (Logging to sb_content_cert.log)
2024-02-07 14:11:27,583 - Parsing config file: cert\cfg\ICVSBContent.cfg
2024-02-07 14:11:27,585 - Parsed config items:
cert-keypair:	cert/key/ICVSBContent.pem
cert-keypair-pwd:	cert/key/ICVSBContent.pwd
load-verify-scheme:	0
crypto-type:	0
aes-ce-id:	0
aes-enc-key:	cert/key/KCEICV.txt
images-table:	cert/Images.txt
nvcounter-val:	1
cert-pkg:	cert/ICVSBContent.crt
2024-02-07 14:11:27,588 - **** Creating Content Certificate ****
2024-02-07 14:11:27,631 - **** Certificate file (context) creation has been completed successfully ****
2024-02-07 14:11:31,642 - Content Certificate Generation Utility started (Logging to sb_content_cert.log)
2024-02-07 14:11:31,642 - Parsing config file: cert\cfg\ICVSBContent.cfg
2024-02-07 14:11:31,643 - Parsed config items:
cert-keypair:	cert/key/ICVSBContent.pem
cert-keypair-pwd:	cert/key/ICVSBContent.pwd
load-verify-scheme:	0
crypto-type:	0
aes-ce-id:	0
aes-enc-key:	cert/key/KCEICV.txt
images-table:	cert/Images.txt
nvcounter-val:	1
cert-pkg:	cert/ICVSBContent.crt
2024-02-07 14:11:31,643 - **** Creating Content Certificate ****
2024-02-07 14:11:31,667 - **** Certificate file (context) creation has been completed successfully ****
2024-02-07 14:11:33,999 - Content Certificate Generation Utility started (Logging to sb_content_cert.log)
2024-02-07 14:11:34,000 - Parsing config file: cert\cfg\ICVSBContent.cfg
2024-02-07 14:11:34,000 - Parsed config items:
cert-keypair:	cert/key/ICVSBContent.pem
cert-keypair-pwd:	cert/key/ICVSBContent.pwd
load-verify-scheme:	0
crypto-type:	0
aes-ce-id:	0
aes-enc-key:	cert/key/KCEICV.txt
images-table:	cert/Images.txt
nvcounter-val:	1
cert-pkg:	cert/ICVSBContent.crt
2024-02-07 14:11:34,001 - **** Creating Content Certificate ****
2024-02-07 14:11:34,024 - **** Certificate file (context) creation has been completed successfully ****
2024-02-07 14:11:36,538 - Content Certificate Generation Utility started (Logging to sb_content_cert.log)
2024-02-07 14:11:36,538 - Parsing config file: cert\cfg\ICVSBContent.cfg
2024-02-07 14:11:36,539 - Parsed config items:
cert-keypair:	cert/key/ICVSBContent.pem
cert-keypair-pwd:	cert/key/ICVSBContent.pwd
load-verify-scheme:	0
crypto-type:	0
aes-ce-id:	0
aes-enc-key:	cert/key/KCEICV.txt
images-table:	cert/Images.txt
nvcounter-val:	1
cert-pkg:	cert/ICVSBContent.crt
2024-02-07 14:11:36,539 - **** Creating Content Certificate ****
2024-02-07 14:11:36,558 - **** Certificate file (context) creation has been completed successfully ****
2024-02-07 14:11:42,011 - Content Certificate Generation Utility started (Logging to sb_content_cert.log)
2024-02-07 14:11:42,012 - Parsing config file: cert\cfg\ICVSBContent.cfg
2024-02-07 14:11:42,012 - Parsed config items:
cert-keypair:	cert/key/ICVSBContent.pem
cert-keypair-pwd:	cert/key/ICVSBContent.pwd
load-verify-scheme:	0
crypto-type:	0
aes-ce-id:	0
aes-enc-key:	cert/key/KCEICV.txt
images-table:	cert/Images.txt
nvcounter-val:	1
cert-pkg:	cert/ICVSBContent.crt
2024-02-07 14:11:42,013 - **** Creating Content Certificate ****
2024-02-07 14:11:42,033 - **** Certificate file (context) creation has been completed successfully ****
2024-02-07 14:23:29,648 - Content Certificate Generation Utility started (Logging to sb_content_cert.log)
2024-02-07 14:23:29,650 - Parsing config file: cert\cfg\ICVSBContent.cfg
2024-02-07 14:23:29,656 - Parsed config items:
cert-keypair:	cert/key/ICVSBContent.pem
cert-keypair-pwd:	cert/key/ICVSBContent.pwd
load-verify-scheme:	0
crypto-type:	0
aes-ce-id:	0
aes-enc-key:	cert/key/KCEICV.txt
images-table:	cert/Images.txt
nvcounter-val:	1
cert-pkg:	cert/ICVSBContent.crt
2024-02-07 14:23:29,657 - **** Creating Content Certificate ****
2024-02-07 14:23:29,698 - **** Certificate file (context) creation has been completed successfully ****
2024-02-07 14:23:32,430 - Content Certificate Generation Utility started (Logging to sb_content_cert.log)
2024-02-07 14:23:32,430 - Parsing config file: cert\cfg\ICVSBContent.cfg
2024-02-07 14:23:32,431 - Parsed config items:
cert-keypair:	cert/key/ICVSBContent.pem
cert-keypair-pwd:	cert/key/ICVSBContent.pwd
load-verify-scheme:	0
crypto-type:	0
aes-ce-id:	0
aes-enc-key:	cert/key/KCEICV.txt
images-table:	cert/Images.txt
nvcounter-val:	1
cert-pkg:	cert/ICVSBContent.crt
2024-02-07 14:23:32,432 - **** Creating Content Certificate ****
2024-02-07 14:23:32,456 - **** Certificate file (context) creation has been completed successfully ****
2024-02-07 14:23:35,661 - Content Certificate Generation Utility started (Logging to sb_content_cert.log)
2024-02-07 14:23:35,661 - Parsing config file: cert\cfg\ICVSBContent.cfg
2024-02-07 14:23:35,662 - Parsed config items:
cert-keypair:	cert/key/ICVSBContent.pem
cert-keypair-pwd:	cert/key/ICVSBContent.pwd
load-verify-scheme:	0
crypto-type:	0
aes-ce-id:	0
aes-enc-key:	cert/key/KCEICV.txt
images-table:	cert/Images.txt
nvcounter-val:	1
cert-pkg:	cert/ICVSBContent.crt
2024-02-07 14:23:35,662 - **** Creating Content Certificate ****
2024-02-07 14:23:35,684 - **** Certificate file (context) creation has been completed successfully ****
2024-02-07 14:23:38,030 - Content Certificate Generation Utility started (Logging to sb_content_cert.log)
2024-02-07 14:23:38,031 - Parsing config file: cert\cfg\ICVSBContent.cfg
2024-02-07 14:23:38,031 - Parsed config items:
cert-keypair:	cert/key/ICVSBContent.pem
cert-keypair-pwd:	cert/key/ICVSBContent.pwd
load-verify-scheme:	0
crypto-type:	0
aes-ce-id:	0
aes-enc-key:	cert/key/KCEICV.txt
images-table:	cert/Images.txt
nvcounter-val:	1
cert-pkg:	cert/ICVSBContent.crt
2024-02-07 14:23:38,032 - **** Creating Content Certificate ****
2024-02-07 14:23:38,057 - **** Certificate file (context) creation has been completed successfully ****
2024-02-07 14:23:40,493 - Content Certificate Generation Utility started (Logging to sb_content_cert.log)
2024-02-07 14:23:40,493 - Parsing config file: cert\cfg\ICVSBContent.cfg
2024-02-07 14:23:40,494 - Parsed config items:
cert-keypair:	cert/key/ICVSBContent.pem
cert-keypair-pwd:	cert/key/ICVSBContent.pwd
load-verify-scheme:	0
crypto-type:	0
aes-ce-id:	0
aes-enc-key:	cert/key/KCEICV.txt
images-table:	cert/Images.txt
nvcounter-val:	1
cert-pkg:	cert/ICVSBContent.crt
2024-02-07 14:23:40,494 - **** Creating Content Certificate ****
2024-02-07 14:23:40,514 - **** Certificate file (context) creation has been completed successfully ****
2024-02-07 14:23:46,886 - Content Certificate Generation Utility started (Logging to sb_content_cert.log)
2024-02-07 14:23:46,887 - Parsing config file: cert\cfg\ICVSBContent.cfg
2024-02-07 14:23:46,888 - Parsed config items:
cert-keypair:	cert/key/ICVSBContent.pem
cert-keypair-pwd:	cert/key/ICVSBContent.pwd
load-verify-scheme:	0
crypto-type:	0
aes-ce-id:	0
aes-enc-key:	cert/key/KCEICV.txt
images-table:	cert/Images.txt
nvcounter-val:	1
cert-pkg:	cert/ICVSBContent.crt
2024-02-07 14:23:46,888 - **** Creating Content Certificate ****
2024-02-07 14:23:46,907 - **** Certificate file (context) creation has been completed successfully ****
2024-02-07 14:56:58,187 - Content Certificate Generation Utility started (Logging to sb_content_cert.log)
2024-02-07 14:56:58,196 - Parsing config file: cert\cfg\ICVSBContent.cfg
2024-02-07 14:56:58,198 - Parsed config items:
cert-keypair:	cert/key/ICVSBContent.pem
cert-keypair-pwd:	cert/key/ICVSBContent.pwd
load-verify-scheme:	0
crypto-type:	0
aes-ce-id:	0
aes-enc-key:	cert/key/KCEICV.txt
images-table:	cert/Images.txt
nvcounter-val:	1
cert-pkg:	cert/ICVSBContent.crt
2024-02-07 14:56:58,198 - **** Creating Content Certificate ****
2024-02-07 14:56:58,247 - **** Certificate file (context) creation has been completed successfully ****
2024-02-07 14:57:01,418 - Content Certificate Generation Utility started (Logging to sb_content_cert.log)
2024-02-07 14:57:01,419 - Parsing config file: cert\cfg\ICVSBContent.cfg
2024-02-07 14:57:01,420 - Parsed config items:
cert-keypair:	cert/key/ICVSBContent.pem
cert-keypair-pwd:	cert/key/ICVSBContent.pwd
load-verify-scheme:	0
crypto-type:	0
aes-ce-id:	0
aes-enc-key:	cert/key/KCEICV.txt
images-table:	cert/Images.txt
nvcounter-val:	1
cert-pkg:	cert/ICVSBContent.crt
2024-02-07 14:57:01,422 - **** Creating Content Certificate ****
2024-02-07 14:57:01,470 - **** Certificate file (context) creation has been completed successfully ****
2024-02-07 14:57:05,231 - Content Certificate Generation Utility started (Logging to sb_content_cert.log)
2024-02-07 14:57:05,235 - Parsing config file: cert\cfg\ICVSBContent.cfg
2024-02-07 14:57:05,237 - Parsed config items:
cert-keypair:	cert/key/ICVSBContent.pem
cert-keypair-pwd:	cert/key/ICVSBContent.pwd
load-verify-scheme:	0
crypto-type:	0
aes-ce-id:	0
aes-enc-key:	cert/key/KCEICV.txt
images-table:	cert/Images.txt
nvcounter-val:	1
cert-pkg:	cert/ICVSBContent.crt
2024-02-07 14:57:05,237 - **** Creating Content Certificate ****
2024-02-07 14:57:05,265 - **** Certificate file (context) creation has been completed successfully ****
2024-02-07 14:57:08,713 - Content Certificate Generation Utility started (Logging to sb_content_cert.log)
2024-02-07 14:57:08,714 - Parsing config file: cert\cfg\ICVSBContent.cfg
2024-02-07 14:57:08,715 - Parsed config items:
cert-keypair:	cert/key/ICVSBContent.pem
cert-keypair-pwd:	cert/key/ICVSBContent.pwd
load-verify-scheme:	0
crypto-type:	0
aes-ce-id:	0
aes-enc-key:	cert/key/KCEICV.txt
images-table:	cert/Images.txt
nvcounter-val:	1
cert-pkg:	cert/ICVSBContent.crt
2024-02-07 14:57:08,715 - **** Creating Content Certificate ****
2024-02-07 14:57:08,740 - **** Certificate file (context) creation has been completed successfully ****
2024-02-07 14:57:11,935 - Content Certificate Generation Utility started (Logging to sb_content_cert.log)
2024-02-07 14:57:11,938 - Parsing config file: cert\cfg\ICVSBContent.cfg
2024-02-07 14:57:11,940 - Parsed config items:
cert-keypair:	cert/key/ICVSBContent.pem
cert-keypair-pwd:	cert/key/ICVSBContent.pwd
load-verify-scheme:	0
crypto-type:	0
aes-ce-id:	0
aes-enc-key:	cert/key/KCEICV.txt
images-table:	cert/Images.txt
nvcounter-val:	1
cert-pkg:	cert/ICVSBContent.crt
2024-02-07 14:57:11,941 - **** Creating Content Certificate ****
2024-02-07 14:57:11,978 - **** Certificate file (context) creation has been completed successfully ****
2024-02-07 14:57:17,935 - Content Certificate Generation Utility started (Logging to sb_content_cert.log)
2024-02-07 14:57:17,936 - Parsing config file: cert\cfg\ICVSBContent.cfg
2024-02-07 14:57:17,937 - Parsed config items:
cert-keypair:	cert/key/ICVSBContent.pem
cert-keypair-pwd:	cert/key/ICVSBContent.pwd
load-verify-scheme:	0
crypto-type:	0
aes-ce-id:	0
aes-enc-key:	cert/key/KCEICV.txt
images-table:	cert/Images.txt
nvcounter-val:	1
cert-pkg:	cert/ICVSBContent.crt
2024-02-07 14:57:17,938 - **** Creating Content Certificate ****
2024-02-07 14:57:17,969 - **** Certificate file (context) creation has been completed successfully ****
2024-02-20 14:26:44,448 - Content Certificate Generation Utility started (Logging to sb_content_cert.log)
2024-02-20 14:26:44,449 - Parsing config file: cert\cfg\ICVSBContent.cfg
2024-02-20 14:26:44,456 - Parsed config items:
cert-keypair:	cert/key/ICVSBContent.pem
cert-keypair-pwd:	cert/key/ICVSBContent.pwd
load-verify-scheme:	0
crypto-type:	0
aes-ce-id:	0
aes-enc-key:	cert/key/KCEICV.txt
images-table:	cert/Images.txt
nvcounter-val:	1
cert-pkg:	cert/ICVSBContent.crt
2024-02-20 14:26:44,457 - **** Creating Content Certificate ****
2024-02-20 14:26:44,497 - **** Certificate file (context) creation has been completed successfully ****
2024-02-20 14:26:46,387 - Content Certificate Generation Utility started (Logging to sb_content_cert.log)
2024-02-20 14:26:46,388 - Parsing config file: cert\cfg\ICVSBContent.cfg
2024-02-20 14:26:46,388 - Parsed config items:
cert-keypair:	cert/key/ICVSBContent.pem
cert-keypair-pwd:	cert/key/ICVSBContent.pwd
load-verify-scheme:	0
crypto-type:	0
aes-ce-id:	0
aes-enc-key:	cert/key/KCEICV.txt
images-table:	cert/Images.txt
nvcounter-val:	1
cert-pkg:	cert/ICVSBContent.crt
2024-02-20 14:26:46,389 - **** Creating Content Certificate ****
2024-02-20 14:26:46,411 - **** Certificate file (context) creation has been completed successfully ****
2024-02-20 14:26:48,535 - Content Certificate Generation Utility started (Logging to sb_content_cert.log)
2024-02-20 14:26:48,536 - Parsing config file: cert\cfg\ICVSBContent.cfg
2024-02-20 14:26:48,536 - Parsed config items:
cert-keypair:	cert/key/ICVSBContent.pem
cert-keypair-pwd:	cert/key/ICVSBContent.pwd
load-verify-scheme:	0
crypto-type:	0
aes-ce-id:	0
aes-enc-key:	cert/key/KCEICV.txt
images-table:	cert/Images.txt
nvcounter-val:	1
cert-pkg:	cert/ICVSBContent.crt
2024-02-20 14:26:48,536 - **** Creating Content Certificate ****
2024-02-20 14:26:48,552 - **** Certificate file (context) creation has been completed successfully ****
2024-02-20 14:26:50,363 - Content Certificate Generation Utility started (Logging to sb_content_cert.log)
2024-02-20 14:26:50,364 - Parsing config file: cert\cfg\ICVSBContent.cfg
2024-02-20 14:26:50,364 - Parsed config items:
cert-keypair:	cert/key/ICVSBContent.pem
cert-keypair-pwd:	cert/key/ICVSBContent.pwd
load-verify-scheme:	0
crypto-type:	0
aes-ce-id:	0
aes-enc-key:	cert/key/KCEICV.txt
images-table:	cert/Images.txt
nvcounter-val:	1
cert-pkg:	cert/ICVSBContent.crt
2024-02-20 14:26:50,365 - **** Creating Content Certificate ****
2024-02-20 14:26:50,382 - **** Certificate file (context) creation has been completed successfully ****
2024-02-20 14:26:52,318 - Content Certificate Generation Utility started (Logging to sb_content_cert.log)
2024-02-20 14:26:52,318 - Parsing config file: cert\cfg\ICVSBContent.cfg
2024-02-20 14:26:52,319 - Parsed config items:
cert-keypair:	cert/key/ICVSBContent.pem
cert-keypair-pwd:	cert/key/ICVSBContent.pwd
load-verify-scheme:	0
crypto-type:	0
aes-ce-id:	0
aes-enc-key:	cert/key/KCEICV.txt
images-table:	cert/Images.txt
nvcounter-val:	1
cert-pkg:	cert/ICVSBContent.crt
2024-02-20 14:26:52,319 - **** Creating Content Certificate ****
2024-02-20 14:26:52,338 - **** Certificate file (context) creation has been completed successfully ****
2024-02-20 14:26:54,144 - Content Certificate Generation Utility started (Logging to sb_content_cert.log)
2024-02-20 14:26:54,145 - Parsing config file: cert\cfg\ICVSBContent.cfg
2024-02-20 14:26:54,145 - Parsed config items:
cert-keypair:	cert/key/ICVSBContent.pem
cert-keypair-pwd:	cert/key/ICVSBContent.pwd
load-verify-scheme:	0
crypto-type:	0
aes-ce-id:	0
aes-enc-key:	cert/key/KCEICV.txt
images-table:	cert/Images.txt
nvcounter-val:	1
cert-pkg:	cert/ICVSBContent.crt
2024-02-20 14:26:54,146 - **** Creating Content Certificate ****
2024-02-20 14:26:54,162 - **** Certificate file (context) creation has been completed successfully ****
2024-02-20 14:26:56,938 - Content Certificate Generation Utility started (Logging to sb_content_cert.log)
2024-02-20 14:26:56,938 - Parsing config file: cert\cfg\ICVSBContent.cfg
2024-02-20 14:26:56,939 - Parsed config items:
cert-keypair:	cert/key/ICVSBContent.pem
cert-keypair-pwd:	cert/key/ICVSBContent.pwd
load-verify-scheme:	0
crypto-type:	0
aes-ce-id:	0
aes-enc-key:	cert/key/KCEICV.txt
images-table:	cert/Images.txt
nvcounter-val:	1
cert-pkg:	cert/ICVSBContent.crt
2024-02-20 14:26:56,940 - **** Creating Content Certificate ****
2024-02-20 14:26:56,969 - **** Certificate file (context) creation has been completed successfully ****
2024-02-20 14:27:02,790 - Content Certificate Generation Utility started (Logging to sb_content_cert.log)
2024-02-20 14:27:02,792 - Parsing config file: cert\cfg\ICVSBContent.cfg
2024-02-20 14:27:02,794 - Parsed config items:
cert-keypair:	cert/key/ICVSBContent.pem
cert-keypair-pwd:	cert/key/ICVSBContent.pwd
load-verify-scheme:	0
crypto-type:	0
aes-ce-id:	0
aes-enc-key:	cert/key/KCEICV.txt
images-table:	cert/Images.txt
nvcounter-val:	1
cert-pkg:	cert/ICVSBContent.crt
2024-02-20 14:27:02,795 - **** Creating Content Certificate ****
2024-02-20 14:27:02,834 - **** Certificate file (context) creation has been completed successfully ****
2024-02-20 16:07:58,561 - Content Certificate Generation Utility started (Logging to sb_content_cert.log)
2024-02-20 16:07:58,562 - Parsing config file: cert\cfg\ICVSBContent.cfg
2024-02-20 16:07:58,571 - Parsed config items:
cert-keypair:	cert/key/ICVSBContent.pem
cert-keypair-pwd:	cert/key/ICVSBContent.pwd
load-verify-scheme:	0
crypto-type:	0
aes-ce-id:	0
aes-enc-key:	cert/key/KCEICV.txt
images-table:	cert/Images.txt
nvcounter-val:	1
cert-pkg:	cert/ICVSBContent.crt
2024-02-20 16:07:58,573 - **** Creating Content Certificate ****
2024-02-20 16:07:58,628 - **** Certificate file (context) creation has been completed successfully ****
2024-02-20 16:08:01,812 - Content Certificate Generation Utility started (Logging to sb_content_cert.log)
2024-02-20 16:08:01,812 - Parsing config file: cert\cfg\ICVSBContent.cfg
2024-02-20 16:08:01,815 - Parsed config items:
cert-keypair:	cert/key/ICVSBContent.pem
cert-keypair-pwd:	cert/key/ICVSBContent.pwd
load-verify-scheme:	0
crypto-type:	0
aes-ce-id:	0
aes-enc-key:	cert/key/KCEICV.txt
images-table:	cert/Images.txt
nvcounter-val:	1
cert-pkg:	cert/ICVSBContent.crt
2024-02-20 16:08:01,816 - **** Creating Content Certificate ****
2024-02-20 16:08:01,868 - **** Certificate file (context) creation has been completed successfully ****
2024-02-20 16:08:05,545 - Content Certificate Generation Utility started (Logging to sb_content_cert.log)
2024-02-20 16:08:05,547 - Parsing config file: cert\cfg\ICVSBContent.cfg
2024-02-20 16:08:05,549 - Parsed config items:
cert-keypair:	cert/key/ICVSBContent.pem
cert-keypair-pwd:	cert/key/ICVSBContent.pwd
load-verify-scheme:	0
crypto-type:	0
aes-ce-id:	0
aes-enc-key:	cert/key/KCEICV.txt
images-table:	cert/Images.txt
nvcounter-val:	1
cert-pkg:	cert/ICVSBContent.crt
2024-02-20 16:08:05,550 - **** Creating Content Certificate ****
2024-02-20 16:08:05,583 - **** Certificate file (context) creation has been completed successfully ****
2024-02-20 16:08:08,246 - Content Certificate Generation Utility started (Logging to sb_content_cert.log)
2024-02-20 16:08:08,249 - Parsing config file: cert\cfg\ICVSBContent.cfg
2024-02-20 16:08:08,251 - Parsed config items:
cert-keypair:	cert/key/ICVSBContent.pem
cert-keypair-pwd:	cert/key/ICVSBContent.pwd
load-verify-scheme:	0
crypto-type:	0
aes-ce-id:	0
aes-enc-key:	cert/key/KCEICV.txt
images-table:	cert/Images.txt
nvcounter-val:	1
cert-pkg:	cert/ICVSBContent.crt
2024-02-20 16:08:08,252 - **** Creating Content Certificate ****
2024-02-20 16:08:08,289 - **** Certificate file (context) creation has been completed successfully ****
2024-02-20 16:08:11,029 - Content Certificate Generation Utility started (Logging to sb_content_cert.log)
2024-02-20 16:08:11,029 - Parsing config file: cert\cfg\ICVSBContent.cfg
2024-02-20 16:08:11,030 - Parsed config items:
cert-keypair:	cert/key/ICVSBContent.pem
cert-keypair-pwd:	cert/key/ICVSBContent.pwd
load-verify-scheme:	0
crypto-type:	0
aes-ce-id:	0
aes-enc-key:	cert/key/KCEICV.txt
images-table:	cert/Images.txt
nvcounter-val:	1
cert-pkg:	cert/ICVSBContent.crt
2024-02-20 16:08:11,031 - **** Creating Content Certificate ****
2024-02-20 16:08:11,055 - **** Certificate file (context) creation has been completed successfully ****
2024-02-20 16:08:17,998 - Content Certificate Generation Utility started (Logging to sb_content_cert.log)
2024-02-20 16:08:17,998 - Parsing config file: cert\cfg\ICVSBContent.cfg
2024-02-20 16:08:18,000 - Parsed config items:
cert-keypair:	cert/key/ICVSBContent.pem
cert-keypair-pwd:	cert/key/ICVSBContent.pwd
load-verify-scheme:	0
crypto-type:	0
aes-ce-id:	0
aes-enc-key:	cert/key/KCEICV.txt
images-table:	cert/Images.txt
nvcounter-val:	1
cert-pkg:	cert/ICVSBContent.crt
2024-02-20 16:08:18,000 - **** Creating Content Certificate ****
2024-02-20 16:08:18,027 - **** Certificate file (context) creation has been completed successfully ****
2024-02-20 16:14:47,077 - Content Certificate Generation Utility started (Logging to sb_content_cert.log)
2024-02-20 16:14:47,078 - Parsing config file: cert\cfg\ICVSBContent.cfg
2024-02-20 16:14:47,090 - Parsed config items:
cert-keypair:	cert/key/ICVSBContent.pem
cert-keypair-pwd:	cert/key/ICVSBContent.pwd
load-verify-scheme:	0
crypto-type:	0
aes-ce-id:	0
aes-enc-key:	cert/key/KCEICV.txt
images-table:	cert/Images.txt
nvcounter-val:	1
cert-pkg:	cert/ICVSBContent.crt
2024-02-20 16:14:47,091 - **** Creating Content Certificate ****
2024-02-20 16:14:47,139 - **** Certificate file (context) creation has been completed successfully ****
2024-02-20 16:14:49,955 - Content Certificate Generation Utility started (Logging to sb_content_cert.log)
2024-02-20 16:14:49,956 - Parsing config file: cert\cfg\ICVSBContent.cfg
2024-02-20 16:14:49,957 - Parsed config items:
cert-keypair:	cert/key/ICVSBContent.pem
cert-keypair-pwd:	cert/key/ICVSBContent.pwd
load-verify-scheme:	0
crypto-type:	0
aes-ce-id:	0
aes-enc-key:	cert/key/KCEICV.txt
images-table:	cert/Images.txt
nvcounter-val:	1
cert-pkg:	cert/ICVSBContent.crt
2024-02-20 16:14:49,959 - **** Creating Content Certificate ****
2024-02-20 16:14:50,000 - **** Certificate file (context) creation has been completed successfully ****
2024-02-20 16:14:54,308 - Content Certificate Generation Utility started (Logging to sb_content_cert.log)
2024-02-20 16:14:54,308 - Parsing config file: cert\cfg\ICVSBContent.cfg
2024-02-20 16:14:54,309 - Parsed config items:
cert-keypair:	cert/key/ICVSBContent.pem
cert-keypair-pwd:	cert/key/ICVSBContent.pwd
load-verify-scheme:	0
crypto-type:	0
aes-ce-id:	0
aes-enc-key:	cert/key/KCEICV.txt
images-table:	cert/Images.txt
nvcounter-val:	1
cert-pkg:	cert/ICVSBContent.crt
2024-02-20 16:14:54,310 - **** Creating Content Certificate ****
2024-02-20 16:14:54,335 - **** Certificate file (context) creation has been completed successfully ****
2024-02-20 16:14:56,989 - Content Certificate Generation Utility started (Logging to sb_content_cert.log)
2024-02-20 16:14:56,992 - Parsing config file: cert\cfg\ICVSBContent.cfg
2024-02-20 16:14:56,995 - Parsed config items:
cert-keypair:	cert/key/ICVSBContent.pem
cert-keypair-pwd:	cert/key/ICVSBContent.pwd
load-verify-scheme:	0
crypto-type:	0
aes-ce-id:	0
aes-enc-key:	cert/key/KCEICV.txt
images-table:	cert/Images.txt
nvcounter-val:	1
cert-pkg:	cert/ICVSBContent.crt
2024-02-20 16:14:56,995 - **** Creating Content Certificate ****
2024-02-20 16:14:57,019 - **** Certificate file (context) creation has been completed successfully ****
2024-02-20 16:15:00,386 - Content Certificate Generation Utility started (Logging to sb_content_cert.log)
2024-02-20 16:15:00,387 - Parsing config file: cert\cfg\ICVSBContent.cfg
2024-02-20 16:15:00,388 - Parsed config items:
cert-keypair:	cert/key/ICVSBContent.pem
cert-keypair-pwd:	cert/key/ICVSBContent.pwd
load-verify-scheme:	0
crypto-type:	0
aes-ce-id:	0
aes-enc-key:	cert/key/KCEICV.txt
images-table:	cert/Images.txt
nvcounter-val:	1
cert-pkg:	cert/ICVSBContent.crt
2024-02-20 16:15:00,389 - **** Creating Content Certificate ****
2024-02-20 16:15:00,425 - **** Certificate file (context) creation has been completed successfully ****
2024-02-20 16:15:03,374 - Content Certificate Generation Utility started (Logging to sb_content_cert.log)
2024-02-20 16:15:03,375 - Parsing config file: cert\cfg\ICVSBContent.cfg
2024-02-20 16:15:03,375 - Parsed config items:
cert-keypair:	cert/key/ICVSBContent.pem
cert-keypair-pwd:	cert/key/ICVSBContent.pwd
load-verify-scheme:	0
crypto-type:	0
aes-ce-id:	0
aes-enc-key:	cert/key/KCEICV.txt
images-table:	cert/Images.txt
nvcounter-val:	1
cert-pkg:	cert/ICVSBContent.crt
2024-02-20 16:15:03,376 - **** Creating Content Certificate ****
2024-02-20 16:15:03,402 - **** Certificate file (context) creation has been completed successfully ****
2024-02-20 16:15:06,206 - Content Certificate Generation Utility started (Logging to sb_content_cert.log)
2024-02-20 16:15:06,206 - Parsing config file: cert\cfg\ICVSBContent.cfg
2024-02-20 16:15:06,208 - Parsed config items:
cert-keypair:	cert/key/ICVSBContent.pem
cert-keypair-pwd:	cert/key/ICVSBContent.pwd
load-verify-scheme:	0
crypto-type:	0
aes-ce-id:	0
aes-enc-key:	cert/key/KCEICV.txt
images-table:	cert/Images.txt
nvcounter-val:	1
cert-pkg:	cert/ICVSBContent.crt
2024-02-20 16:15:06,208 - **** Creating Content Certificate ****
2024-02-20 16:15:06,241 - **** Certificate file (context) creation has been completed successfully ****
2024-02-20 16:15:12,338 - Content Certificate Generation Utility started (Logging to sb_content_cert.log)
2024-02-20 16:15:12,338 - Parsing config file: cert\cfg\ICVSBContent.cfg
2024-02-20 16:15:12,339 - Parsed config items:
cert-keypair:	cert/key/ICVSBContent.pem
cert-keypair-pwd:	cert/key/ICVSBContent.pwd
load-verify-scheme:	0
crypto-type:	0
aes-ce-id:	0
aes-enc-key:	cert/key/KCEICV.txt
images-table:	cert/Images.txt
nvcounter-val:	1
cert-pkg:	cert/ICVSBContent.crt
2024-02-20 16:15:12,339 - **** Creating Content Certificate ****
2024-02-20 16:15:12,356 - **** Certificate file (context) creation has been completed successfully ****
2024-02-20 16:39:28,230 - Content Certificate Generation Utility started (Logging to sb_content_cert.log)
2024-02-20 16:39:28,231 - Parsing config file: cert\cfg\ICVSBContent.cfg
2024-02-20 16:39:28,240 - Parsed config items:
cert-keypair:	cert/key/ICVSBContent.pem
cert-keypair-pwd:	cert/key/ICVSBContent.pwd
load-verify-scheme:	0
crypto-type:	0
aes-ce-id:	0
aes-enc-key:	cert/key/KCEICV.txt
images-table:	cert/Images.txt
nvcounter-val:	1
cert-pkg:	cert/ICVSBContent.crt
2024-02-20 16:39:28,241 - **** Creating Content Certificate ****
2024-02-20 16:39:28,285 - **** Certificate file (context) creation has been completed successfully ****
2024-02-20 16:39:32,304 - Content Certificate Generation Utility started (Logging to sb_content_cert.log)
2024-02-20 16:39:32,305 - Parsing config file: cert\cfg\ICVSBContent.cfg
2024-02-20 16:39:32,309 - Parsed config items:
cert-keypair:	cert/key/ICVSBContent.pem
cert-keypair-pwd:	cert/key/ICVSBContent.pwd
load-verify-scheme:	0
crypto-type:	0
aes-ce-id:	0
aes-enc-key:	cert/key/KCEICV.txt
images-table:	cert/Images.txt
nvcounter-val:	1
cert-pkg:	cert/ICVSBContent.crt
2024-02-20 16:39:32,309 - **** Creating Content Certificate ****
2024-02-20 16:39:32,344 - **** Certificate file (context) creation has been completed successfully ****
2024-02-20 16:39:36,612 - Content Certificate Generation Utility started (Logging to sb_content_cert.log)
2024-02-20 16:39:36,615 - Parsing config file: cert\cfg\ICVSBContent.cfg
2024-02-20 16:39:36,617 - Parsed config items:
cert-keypair:	cert/key/ICVSBContent.pem
cert-keypair-pwd:	cert/key/ICVSBContent.pwd
load-verify-scheme:	0
crypto-type:	0
aes-ce-id:	0
aes-enc-key:	cert/key/KCEICV.txt
images-table:	cert/Images.txt
nvcounter-val:	1
cert-pkg:	cert/ICVSBContent.crt
2024-02-20 16:39:36,618 - **** Creating Content Certificate ****
2024-02-20 16:39:36,655 - **** Certificate file (context) creation has been completed successfully ****
2024-02-20 16:39:39,668 - Content Certificate Generation Utility started (Logging to sb_content_cert.log)
2024-02-20 16:39:39,668 - Parsing config file: cert\cfg\ICVSBContent.cfg
2024-02-20 16:39:39,670 - Parsed config items:
cert-keypair:	cert/key/ICVSBContent.pem
cert-keypair-pwd:	cert/key/ICVSBContent.pwd
load-verify-scheme:	0
crypto-type:	0
aes-ce-id:	0
aes-enc-key:	cert/key/KCEICV.txt
images-table:	cert/Images.txt
nvcounter-val:	1
cert-pkg:	cert/ICVSBContent.crt
2024-02-20 16:39:39,670 - **** Creating Content Certificate ****
2024-02-20 16:39:39,703 - **** Certificate file (context) creation has been completed successfully ****
2024-02-20 16:39:43,267 - Content Certificate Generation Utility started (Logging to sb_content_cert.log)
2024-02-20 16:39:43,268 - Parsing config file: cert\cfg\ICVSBContent.cfg
2024-02-20 16:39:43,270 - Parsed config items:
cert-keypair:	cert/key/ICVSBContent.pem
cert-keypair-pwd:	cert/key/ICVSBContent.pwd
load-verify-scheme:	0
crypto-type:	0
aes-ce-id:	0
aes-enc-key:	cert/key/KCEICV.txt
images-table:	cert/Images.txt
nvcounter-val:	1
cert-pkg:	cert/ICVSBContent.crt
2024-02-20 16:39:43,271 - **** Creating Content Certificate ****
2024-02-20 16:39:43,306 - **** Certificate file (context) creation has been completed successfully ****
2024-02-20 16:39:50,697 - Content Certificate Generation Utility started (Logging to sb_content_cert.log)
2024-02-20 16:39:50,697 - Parsing config file: cert\cfg\ICVSBContent.cfg
2024-02-20 16:39:50,699 - Parsed config items:
cert-keypair:	cert/key/ICVSBContent.pem
cert-keypair-pwd:	cert/key/ICVSBContent.pwd
load-verify-scheme:	0
crypto-type:	0
aes-ce-id:	0
aes-enc-key:	cert/key/KCEICV.txt
images-table:	cert/Images.txt
nvcounter-val:	1
cert-pkg:	cert/ICVSBContent.crt
2024-02-20 16:39:50,699 - **** Creating Content Certificate ****
2024-02-20 16:39:50,722 - **** Certificate file (context) creation has been completed successfully ****
2024-02-20 16:43:15,738 - Content Certificate Generation Utility started (Logging to sb_content_cert.log)
2024-02-20 16:43:15,738 - Parsing config file: cert\cfg\ICVSBContent.cfg
2024-02-20 16:43:15,739 - Parsed config items:
cert-keypair:	cert/key/ICVSBContent.pem
cert-keypair-pwd:	cert/key/ICVSBContent.pwd
load-verify-scheme:	0
crypto-type:	0
aes-ce-id:	0
aes-enc-key:	cert/key/KCEICV.txt
images-table:	cert/Images.txt
nvcounter-val:	1
cert-pkg:	cert/ICVSBContent.crt
2024-02-20 16:43:15,739 - **** Creating Content Certificate ****
2024-02-20 16:43:15,759 - **** Certificate file (context) creation has been completed successfully ****
2024-02-20 16:43:17,495 - Content Certificate Generation Utility started (Logging to sb_content_cert.log)
2024-02-20 16:43:17,496 - Parsing config file: cert\cfg\ICVSBContent.cfg
2024-02-20 16:43:17,497 - Parsed config items:
cert-keypair:	cert/key/ICVSBContent.pem
cert-keypair-pwd:	cert/key/ICVSBContent.pwd
load-verify-scheme:	0
crypto-type:	0
aes-ce-id:	0
aes-enc-key:	cert/key/KCEICV.txt
images-table:	cert/Images.txt
nvcounter-val:	1
cert-pkg:	cert/ICVSBContent.crt
2024-02-20 16:43:17,497 - **** Creating Content Certificate ****
2024-02-20 16:43:17,514 - **** Certificate file (context) creation has been completed successfully ****
2024-02-20 16:43:19,662 - Content Certificate Generation Utility started (Logging to sb_content_cert.log)
2024-02-20 16:43:19,662 - Parsing config file: cert\cfg\ICVSBContent.cfg
2024-02-20 16:43:19,663 - Parsed config items:
cert-keypair:	cert/key/ICVSBContent.pem
cert-keypair-pwd:	cert/key/ICVSBContent.pwd
load-verify-scheme:	0
crypto-type:	0
aes-ce-id:	0
aes-enc-key:	cert/key/KCEICV.txt
images-table:	cert/Images.txt
nvcounter-val:	1
cert-pkg:	cert/ICVSBContent.crt
2024-02-20 16:43:19,663 - **** Creating Content Certificate ****
2024-02-20 16:43:19,681 - **** Certificate file (context) creation has been completed successfully ****
2024-02-20 16:43:21,292 - Content Certificate Generation Utility started (Logging to sb_content_cert.log)
2024-02-20 16:43:21,292 - Parsing config file: cert\cfg\ICVSBContent.cfg
2024-02-20 16:43:21,293 - Parsed config items:
cert-keypair:	cert/key/ICVSBContent.pem
cert-keypair-pwd:	cert/key/ICVSBContent.pwd
load-verify-scheme:	0
crypto-type:	0
aes-ce-id:	0
aes-enc-key:	cert/key/KCEICV.txt
images-table:	cert/Images.txt
nvcounter-val:	1
cert-pkg:	cert/ICVSBContent.crt
2024-02-20 16:43:21,293 - **** Creating Content Certificate ****
2024-02-20 16:43:21,310 - **** Certificate file (context) creation has been completed successfully ****
2024-02-20 16:43:23,294 - Content Certificate Generation Utility started (Logging to sb_content_cert.log)
2024-02-20 16:43:23,295 - Parsing config file: cert\cfg\ICVSBContent.cfg
2024-02-20 16:43:23,296 - Parsed config items:
cert-keypair:	cert/key/ICVSBContent.pem
cert-keypair-pwd:	cert/key/ICVSBContent.pwd
load-verify-scheme:	0
crypto-type:	0
aes-ce-id:	0
aes-enc-key:	cert/key/KCEICV.txt
images-table:	cert/Images.txt
nvcounter-val:	1
cert-pkg:	cert/ICVSBContent.crt
2024-02-20 16:43:23,298 - **** Creating Content Certificate ****
2024-02-20 16:43:23,317 - **** Certificate file (context) creation has been completed successfully ****
2024-02-20 16:43:27,975 - Content Certificate Generation Utility started (Logging to sb_content_cert.log)
2024-02-20 16:43:27,976 - Parsing config file: cert\cfg\ICVSBContent.cfg
2024-02-20 16:43:27,976 - Parsed config items:
cert-keypair:	cert/key/ICVSBContent.pem
cert-keypair-pwd:	cert/key/ICVSBContent.pwd
load-verify-scheme:	0
crypto-type:	0
aes-ce-id:	0
aes-enc-key:	cert/key/KCEICV.txt
images-table:	cert/Images.txt
nvcounter-val:	1
cert-pkg:	cert/ICVSBContent.crt
2024-02-20 16:43:27,977 - **** Creating Content Certificate ****
2024-02-20 16:43:27,997 - **** Certificate file (context) creation has been completed successfully ****
2024-02-20 16:58:50,341 - Content Certificate Generation Utility started (Logging to sb_content_cert.log)
2024-02-20 16:58:50,341 - Parsing config file: cert\cfg\ICVSBContent.cfg
2024-02-20 16:58:50,350 - Parsed config items:
cert-keypair:	cert/key/ICVSBContent.pem
cert-keypair-pwd:	cert/key/ICVSBContent.pwd
load-verify-scheme:	0
crypto-type:	0
aes-ce-id:	0
aes-enc-key:	cert/key/KCEICV.txt
images-table:	cert/Images.txt
nvcounter-val:	1
cert-pkg:	cert/ICVSBContent.crt
2024-02-20 16:58:50,351 - **** Creating Content Certificate ****
2024-02-20 16:58:50,408 - **** Certificate file (context) creation has been completed successfully ****
2024-02-20 16:58:53,221 - Content Certificate Generation Utility started (Logging to sb_content_cert.log)
2024-02-20 16:58:53,222 - Parsing config file: cert\cfg\ICVSBContent.cfg
2024-02-20 16:58:53,223 - Parsed config items:
cert-keypair:	cert/key/ICVSBContent.pem
cert-keypair-pwd:	cert/key/ICVSBContent.pwd
load-verify-scheme:	0
crypto-type:	0
aes-ce-id:	0
aes-enc-key:	cert/key/KCEICV.txt
images-table:	cert/Images.txt
nvcounter-val:	1
cert-pkg:	cert/ICVSBContent.crt
2024-02-20 16:58:53,227 - **** Creating Content Certificate ****
2024-02-20 16:58:53,279 - **** Certificate file (context) creation has been completed successfully ****
2024-02-20 16:58:57,501 - Content Certificate Generation Utility started (Logging to sb_content_cert.log)
2024-02-20 16:58:57,502 - Parsing config file: cert\cfg\ICVSBContent.cfg
2024-02-20 16:58:57,504 - Parsed config items:
cert-keypair:	cert/key/ICVSBContent.pem
cert-keypair-pwd:	cert/key/ICVSBContent.pwd
load-verify-scheme:	0
crypto-type:	0
aes-ce-id:	0
aes-enc-key:	cert/key/KCEICV.txt
images-table:	cert/Images.txt
nvcounter-val:	1
cert-pkg:	cert/ICVSBContent.crt
2024-02-20 16:58:57,505 - **** Creating Content Certificate ****
2024-02-20 16:58:57,537 - **** Certificate file (context) creation has been completed successfully ****
2024-02-20 16:59:00,413 - Content Certificate Generation Utility started (Logging to sb_content_cert.log)
2024-02-20 16:59:00,414 - Parsing config file: cert\cfg\ICVSBContent.cfg
2024-02-20 16:59:00,415 - Parsed config items:
cert-keypair:	cert/key/ICVSBContent.pem
cert-keypair-pwd:	cert/key/ICVSBContent.pwd
load-verify-scheme:	0
crypto-type:	0
aes-ce-id:	0
aes-enc-key:	cert/key/KCEICV.txt
images-table:	cert/Images.txt
nvcounter-val:	1
cert-pkg:	cert/ICVSBContent.crt
2024-02-20 16:59:00,418 - **** Creating Content Certificate ****
2024-02-20 16:59:00,451 - **** Certificate file (context) creation has been completed successfully ****
2024-02-20 16:59:03,071 - Content Certificate Generation Utility started (Logging to sb_content_cert.log)
2024-02-20 16:59:03,071 - Parsing config file: cert\cfg\ICVSBContent.cfg
2024-02-20 16:59:03,072 - Parsed config items:
cert-keypair:	cert/key/ICVSBContent.pem
cert-keypair-pwd:	cert/key/ICVSBContent.pwd
load-verify-scheme:	0
crypto-type:	0
aes-ce-id:	0
aes-enc-key:	cert/key/KCEICV.txt
images-table:	cert/Images.txt
nvcounter-val:	1
cert-pkg:	cert/ICVSBContent.crt
2024-02-20 16:59:03,073 - **** Creating Content Certificate ****
2024-02-20 16:59:03,111 - **** Certificate file (context) creation has been completed successfully ****
2024-02-20 16:59:09,196 - Content Certificate Generation Utility started (Logging to sb_content_cert.log)
2024-02-20 16:59:09,197 - Parsing config file: cert\cfg\ICVSBContent.cfg
2024-02-20 16:59:09,198 - Parsed config items:
cert-keypair:	cert/key/ICVSBContent.pem
cert-keypair-pwd:	cert/key/ICVSBContent.pwd
load-verify-scheme:	0
crypto-type:	0
aes-ce-id:	0
aes-enc-key:	cert/key/KCEICV.txt
images-table:	cert/Images.txt
nvcounter-val:	1
cert-pkg:	cert/ICVSBContent.crt
2024-02-20 16:59:09,198 - **** Creating Content Certificate ****
2024-02-20 16:59:09,221 - **** Certificate file (context) creation has been completed successfully ****
2024-02-20 17:04:50,263 - Content Certificate Generation Utility started (Logging to sb_content_cert.log)
2024-02-20 17:04:50,264 - Parsing config file: cert\cfg\ICVSBContent.cfg
2024-02-20 17:04:50,277 - Parsed config items:
cert-keypair:	cert/key/ICVSBContent.pem
cert-keypair-pwd:	cert/key/ICVSBContent.pwd
load-verify-scheme:	0
crypto-type:	0
aes-ce-id:	0
aes-enc-key:	cert/key/KCEICV.txt
images-table:	cert/Images.txt
nvcounter-val:	1
cert-pkg:	cert/ICVSBContent.crt
2024-02-20 17:04:50,277 - **** Creating Content Certificate ****
2024-02-20 17:04:50,315 - **** Certificate file (context) creation has been completed successfully ****
2024-02-20 17:04:53,917 - Content Certificate Generation Utility started (Logging to sb_content_cert.log)
2024-02-20 17:04:53,917 - Parsing config file: cert\cfg\ICVSBContent.cfg
2024-02-20 17:04:53,920 - Parsed config items:
cert-keypair:	cert/key/ICVSBContent.pem
cert-keypair-pwd:	cert/key/ICVSBContent.pwd
load-verify-scheme:	0
crypto-type:	0
aes-ce-id:	0
aes-enc-key:	cert/key/KCEICV.txt
images-table:	cert/Images.txt
nvcounter-val:	1
cert-pkg:	cert/ICVSBContent.crt
2024-02-20 17:04:53,921 - **** Creating Content Certificate ****
2024-02-20 17:04:53,961 - **** Certificate file (context) creation has been completed successfully ****
2024-02-20 17:04:58,370 - Content Certificate Generation Utility started (Logging to sb_content_cert.log)
2024-02-20 17:04:58,371 - Parsing config file: cert\cfg\ICVSBContent.cfg
2024-02-20 17:04:58,372 - Parsed config items:
cert-keypair:	cert/key/ICVSBContent.pem
cert-keypair-pwd:	cert/key/ICVSBContent.pwd
load-verify-scheme:	0
crypto-type:	0
aes-ce-id:	0
aes-enc-key:	cert/key/KCEICV.txt
images-table:	cert/Images.txt
nvcounter-val:	1
cert-pkg:	cert/ICVSBContent.crt
2024-02-20 17:04:58,372 - **** Creating Content Certificate ****
2024-02-20 17:04:58,413 - **** Certificate file (context) creation has been completed successfully ****
2024-02-20 17:05:02,133 - Content Certificate Generation Utility started (Logging to sb_content_cert.log)
2024-02-20 17:05:02,134 - Parsing config file: cert\cfg\ICVSBContent.cfg
2024-02-20 17:05:02,137 - Parsed config items:
cert-keypair:	cert/key/ICVSBContent.pem
cert-keypair-pwd:	cert/key/ICVSBContent.pwd
load-verify-scheme:	0
crypto-type:	0
aes-ce-id:	0
aes-enc-key:	cert/key/KCEICV.txt
images-table:	cert/Images.txt
nvcounter-val:	1
cert-pkg:	cert/ICVSBContent.crt
2024-02-20 17:05:02,137 - **** Creating Content Certificate ****
2024-02-20 17:05:02,183 - **** Certificate file (context) creation has been completed successfully ****
2024-02-20 17:05:05,793 - Content Certificate Generation Utility started (Logging to sb_content_cert.log)
2024-02-20 17:05:05,793 - Parsing config file: cert\cfg\ICVSBContent.cfg
2024-02-20 17:05:05,795 - Parsed config items:
cert-keypair:	cert/key/ICVSBContent.pem
cert-keypair-pwd:	cert/key/ICVSBContent.pwd
load-verify-scheme:	0
crypto-type:	0
aes-ce-id:	0
aes-enc-key:	cert/key/KCEICV.txt
images-table:	cert/Images.txt
nvcounter-val:	1
cert-pkg:	cert/ICVSBContent.crt
2024-02-20 17:05:05,798 - **** Creating Content Certificate ****
2024-02-20 17:05:05,837 - **** Certificate file (context) creation has been completed successfully ****
2024-02-20 17:05:15,486 - Content Certificate Generation Utility started (Logging to sb_content_cert.log)
2024-02-20 17:05:15,486 - Parsing config file: cert\cfg\ICVSBContent.cfg
2024-02-20 17:05:15,488 - Parsed config items:
cert-keypair:	cert/key/ICVSBContent.pem
cert-keypair-pwd:	cert/key/ICVSBContent.pwd
load-verify-scheme:	0
crypto-type:	0
aes-ce-id:	0
aes-enc-key:	cert/key/KCEICV.txt
images-table:	cert/Images.txt
nvcounter-val:	1
cert-pkg:	cert/ICVSBContent.crt
2024-02-20 17:05:15,489 - **** Creating Content Certificate ****
2024-02-20 17:05:15,533 - **** Certificate file (context) creation has been completed successfully ****
2024-02-21 18:22:10,602 - Content Certificate Generation Utility started (Logging to sb_content_cert.log)
2024-02-21 18:22:10,602 - Parsing config file: cert\cfg\ICVSBContent.cfg
2024-02-21 18:22:10,611 - Parsed config items:
cert-keypair:	cert/key/ICVSBContent.pem
cert-keypair-pwd:	cert/key/ICVSBContent.pwd
load-verify-scheme:	0
crypto-type:	0
aes-ce-id:	0
aes-enc-key:	cert/key/KCEICV.txt
images-table:	cert/Images.txt
nvcounter-val:	1
cert-pkg:	cert/ICVSBContent.crt
2024-02-21 18:22:10,611 - **** Creating Content Certificate ****
2024-02-21 18:22:10,646 - **** Certificate file (context) creation has been completed successfully ****
2024-02-21 18:22:12,726 - Content Certificate Generation Utility started (Logging to sb_content_cert.log)
2024-02-21 18:22:12,727 - Parsing config file: cert\cfg\ICVSBContent.cfg
2024-02-21 18:22:12,742 - Parsed config items:
cert-keypair:	cert/key/ICVSBContent.pem
cert-keypair-pwd:	cert/key/ICVSBContent.pwd
load-verify-scheme:	0
crypto-type:	0
aes-ce-id:	0
aes-enc-key:	cert/key/KCEICV.txt
images-table:	cert/Images.txt
nvcounter-val:	1
cert-pkg:	cert/ICVSBContent.crt
2024-02-21 18:22:12,743 - **** Creating Content Certificate ****
2024-02-21 18:22:12,782 - **** Certificate file (context) creation has been completed successfully ****
2024-02-21 18:22:17,622 - Content Certificate Generation Utility started (Logging to sb_content_cert.log)
2024-02-21 18:22:17,622 - Parsing config file: cert\cfg\ICVSBContent.cfg
2024-02-21 18:22:17,633 - Parsed config items:
cert-keypair:	cert/key/ICVSBContent.pem
cert-keypair-pwd:	cert/key/ICVSBContent.pwd
load-verify-scheme:	0
crypto-type:	0
aes-ce-id:	0
aes-enc-key:	cert/key/KCEICV.txt
images-table:	cert/Images.txt
nvcounter-val:	1
cert-pkg:	cert/ICVSBContent.crt
2024-02-21 18:22:17,633 - **** Creating Content Certificate ****
2024-02-21 18:22:17,658 - **** Certificate file (context) creation has been completed successfully ****
2024-02-21 18:22:20,088 - Content Certificate Generation Utility started (Logging to sb_content_cert.log)
2024-02-21 18:22:20,089 - Parsing config file: cert\cfg\ICVSBContent.cfg
2024-02-21 18:22:20,097 - Parsed config items:
cert-keypair:	cert/key/ICVSBContent.pem
cert-keypair-pwd:	cert/key/ICVSBContent.pwd
load-verify-scheme:	0
crypto-type:	0
aes-ce-id:	0
aes-enc-key:	cert/key/KCEICV.txt
images-table:	cert/Images.txt
nvcounter-val:	1
cert-pkg:	cert/ICVSBContent.crt
2024-02-21 18:22:20,097 - **** Creating Content Certificate ****
2024-02-21 18:22:20,120 - **** Certificate file (context) creation has been completed successfully ****
2024-02-21 18:22:22,628 - Content Certificate Generation Utility started (Logging to sb_content_cert.log)
2024-02-21 18:22:22,628 - Parsing config file: cert\cfg\ICVSBContent.cfg
2024-02-21 18:22:22,637 - Parsed config items:
cert-keypair:	cert/key/ICVSBContent.pem
cert-keypair-pwd:	cert/key/ICVSBContent.pwd
load-verify-scheme:	0
crypto-type:	0
aes-ce-id:	0
aes-enc-key:	cert/key/KCEICV.txt
images-table:	cert/Images.txt
nvcounter-val:	1
cert-pkg:	cert/ICVSBContent.crt
2024-02-21 18:22:22,638 - **** Creating Content Certificate ****
2024-02-21 18:22:22,664 - **** Certificate file (context) creation has been completed successfully ****
2024-02-21 18:22:29,213 - Content Certificate Generation Utility started (Logging to sb_content_cert.log)
2024-02-21 18:22:29,215 - Parsing config file: cert\cfg\ICVSBContent.cfg
2024-02-21 18:22:29,221 - Parsed config items:
cert-keypair:	cert/key/ICVSBContent.pem
cert-keypair-pwd:	cert/key/ICVSBContent.pwd
load-verify-scheme:	0
crypto-type:	0
aes-ce-id:	0
aes-enc-key:	cert/key/KCEICV.txt
images-table:	cert/Images.txt
nvcounter-val:	1
cert-pkg:	cert/ICVSBContent.crt
2024-02-21 18:22:29,222 - **** Creating Content Certificate ****
2024-02-21 18:22:29,247 - **** Certificate file (context) creation has been completed successfully ****
2025-09-08 13:36:06,637 - Content Certificate Generation Utility started (Logging to sb_content_cert.log)
2025-09-08 13:36:06,638 - Parsing config file: cert\cfg\ICVSBContent.cfg
2025-09-08 13:36:06,645 - Parsed config items:
cert-keypair:	cert/key/ICVSBContent.pem
cert-keypair-pwd:	cert/key/ICVSBContent.pwd
load-verify-scheme:	0
crypto-type:	0
aes-ce-id:	0
aes-enc-key:	cert/key/KCEICV.txt
images-table:	cert/Images.txt
nvcounter-val:	1
cert-pkg:	cert/ICVSBContent.crt
2025-09-08 13:36:06,646 - **** Creating Content Certificate ****
2025-09-08 13:36:07,135 - Content Certificate Generation Utility started (Logging to sb_content_cert.log)
2025-09-08 13:36:07,135 - Parsing config file: cert\cfg\ICVSBContent.cfg
2025-09-08 13:36:07,135 - Parsed config items:
cert-keypair:	cert/key/ICVSBContent.pem
cert-keypair-pwd:	cert/key/ICVSBContent.pwd
load-verify-scheme:	0
crypto-type:	0
aes-ce-id:	0
aes-enc-key:	cert/key/KCEICV.txt
images-table:	cert/Images.txt
nvcounter-val:	1
cert-pkg:	cert/ICVSBContent.crt
2025-09-08 13:36:07,135 - **** Creating Content Certificate ****
2025-09-08 13:36:07,802 - Content Certificate Generation Utility started (Logging to sb_content_cert.log)
2025-09-08 13:36:07,803 - Parsing config file: cert\cfg\ICVSBContent.cfg
2025-09-08 13:36:07,803 - Parsed config items:
cert-keypair:	cert/key/ICVSBContent.pem
cert-keypair-pwd:	cert/key/ICVSBContent.pwd
load-verify-scheme:	0
crypto-type:	0
aes-ce-id:	0
aes-enc-key:	cert/key/KCEICV.txt
images-table:	cert/Images.txt
nvcounter-val:	1
cert-pkg:	cert/ICVSBContent.crt
2025-09-08 13:36:07,803 - **** Creating Content Certificate ****
2025-09-08 13:36:08,214 - Content Certificate Generation Utility started (Logging to sb_content_cert.log)
2025-09-08 13:36:08,215 - Parsing config file: cert\cfg\ICVSBContent.cfg
2025-09-08 13:36:08,215 - Parsed config items:
cert-keypair:	cert/key/ICVSBContent.pem
cert-keypair-pwd:	cert/key/ICVSBContent.pwd
load-verify-scheme:	0
crypto-type:	0
aes-ce-id:	0
aes-enc-key:	cert/key/KCEICV.txt
images-table:	cert/Images.txt
nvcounter-val:	1
cert-pkg:	cert/ICVSBContent.crt
2025-09-08 13:36:08,215 - **** Creating Content Certificate ****
